student_id,school_id,region,gender,age,survey_date,growth_mindset,self_esteem,stress_levels,social_support,academic_pressure,intervention_status,resilience_score,risk_classification
STD10000,SCH1103,Central,Male,14,2024-05-23 06:00:21.305069,5.2,5.3,3.6,5.6,8.6,1,3.8,1
STD10001,SCH1436,Coast,Female,19,2024-05-26 06:00:21.305069,7.9,3.6,6.5,7.6,4.0,1,7.3,0
STD10002,SCH1271,Rift Valley,Female,16,2023-09-26 06:00:21.305069,6.8,6.2,5.6,8.9,7.5,1,5.6,0
STD10003,SCH1107,Central,Male,14,2024-02-22 06:00:21.305069,6.2,4.7,9.1,10.0,8.5,0,3.3,1
STD10004,SCH1072,Western,Male,17,2024-01-28 06:00:21.305069,2.6,6.8,3.4,7.5,7.1,1,4.0,1
STD10005,SCH1021,Central,Male,13,2025-02-03 06:00:21.305069,6.1,7.3,6.8,8.0,6.9,1,5.1,0
STD10006,SCH1615,Coast,Male,15,2025-02-03 06:00:21.305069,6.8,4.7,5.3,6.1,7.2,0,3.7,1
STD10007,SCH1122,Central,Female,18,2023-08-21 06:00:21.305069,7.7,5.6,9.7,6.2,7.9,1,2.7,1
STD10008,SCH1467,Coast,Male,19,2024-06-02 06:00:21.305069,8.8,6.4,6.6,8.9,7.5,1,4.2,1
STD10009,SCH1215,Nairobi,Female,18,2024-10-23 06:00:21.305069,9.6,3.5,6.1,6.6,4.4,1,7.1,0
STD10010,SCH1331,North Eastern,Female,17,2024-11-30 06:00:21.305069,8.4,6.4,5.3,7.1,9.6,1,6.5,0
STD10011,SCH1459,Coast,Male,19,2024-02-14 06:00:21.305069,5.7,3.4,4.1,8.8,6.6,1,4.9,1
STD10012,SCH1088,Coast,Male,19,2024-04-21 06:00:21.305069,6.0,7.0,6.1,6.6,7.4,1,4.9,1
STD10013,SCH1373,Eastern,Male,13,2025-05-06 06:00:21.305069,7.6,5.2,2.7,9.3,7.7,1,6.3,0
STD10014,SCH1100,Coast,Male,19,2024-05-22 06:00:21.305069,7.3,3.4,2.8,7.9,8.5,1,4.2,1
STD10015,SCH1131,Coast,Male,16,2025-03-20 06:00:21.305069,8.9,5.0,7.5,7.7,8.3,1,3.5,1
STD10016,SCH1309,Rift Valley,Female,14,2024-04-27 06:00:21.305069,10.0,5.0,2.0,6.0,6.7,1,7.5,0
STD10017,SCH1344,North Eastern,Male,14,2024-02-14 06:00:21.305069,9.9,7.9,4.9,7.8,6.6,1,7.1,0
STD10018,SCH1492,Nairobi,Other,14,2025-06-28 06:00:21.305069,8.7,6.3,3.4,6.4,7.2,1,6.8,0
STD10019,SCH1414,Western,Male,16,2025-01-07 06:00:21.305069,7.3,4.3,4.7,7.7,8.4,0,3.0,1
STD10020,SCH1386,Eastern,Female,18,2025-07-17 06:00:21.305069,8.5,9.0,5.9,6.8,4.6,1,7.0,0
STD10021,SCH1192,Rift Valley,Female,13,2025-03-05 06:00:21.305069,9.0,7.1,7.5,8.5,7.6,1,4.7,1
STD10022,SCH1277,Nyanza,Female,19,2024-07-08 06:00:21.305069,6.3,5.4,7.9,7.0,5.0,0,4.9,1
STD10023,SCH1161,North Eastern,Female,16,2024-08-08 06:00:21.305069,5.7,3.2,3.7,10.0,9.6,0,5.4,0
STD10024,SCH1460,Nairobi,Female,14,2025-05-28 06:00:21.305069,5.3,5.2,4.6,6.6,7.1,1,6.1,0
STD10025,SCH1314,Nairobi,Female,17,2025-06-27 06:00:21.305069,5.2,5.6,10.0,6.2,5.8,0,2.5,1
STD10026,SCH1022,Nyanza,Female,15,2024-09-11 06:00:21.305069,4.4,6.7,5.0,7.5,7.2,0,3.8,1
STD10027,SCH1253,Western,Female,19,2025-04-23 06:00:21.305069,6.9,7.1,3.7,8.6,6.5,1,6.2,0
STD10028,SCH1561,Coast,Male,16,2023-11-10 06:00:21.305069,5.0,7.5,4.1,8.6,6.2,0,5.4,0
STD10029,SCH1475,Rift Valley,Male,16,2024-06-29 06:00:21.305069,5.3,3.1,5.0,7.3,3.4,1,4.9,1
STD10030,SCH1059,Central,Female,13,2024-03-16 06:00:21.305069,7.6,6.4,4.7,7.5,4.8,1,4.9,1
STD10031,SCH1511,Eastern,Female,13,2025-01-13 06:00:21.305069,6.8,5.7,5.0,7.5,6.3,1,3.6,1
STD10032,SCH1476,Central,Female,16,2024-09-04 06:00:21.305069,7.1,10.0,5.5,5.4,3.6,1,7.0,0
STD10033,SCH1190,Nyanza,Female,14,2025-07-08 06:00:21.305069,8.5,6.1,5.4,8.5,5.5,1,7.2,0
STD10034,SCH1563,Nairobi,Other,15,2024-07-24 06:00:21.305069,7.8,4.9,3.6,5.1,5.7,1,4.4,1
STD10035,SCH1567,Western,Male,19,2023-09-24 06:00:21.305069,8.8,6.2,6.2,5.4,5.2,1,6.6,0
STD10036,SCH1244,Nairobi,Male,13,2025-01-09 06:00:21.305069,6.6,6.0,5.7,7.1,7.8,1,5.3,0
STD10037,SCH1505,Eastern,Male,19,2024-10-10 06:00:21.305069,8.9,2.4,6.5,6.5,5.0,1,6.0,0
STD10038,SCH1131,Nairobi,Male,14,2024-02-02 06:00:21.305069,7.0,6.7,2.1,8.2,6.7,1,6.1,0
STD10039,SCH1485,Nairobi,Female,19,2024-07-25 06:00:21.305069,6.8,5.4,5.8,7.7,5.9,1,3.5,1
STD10040,SCH1021,Eastern,Male,17,2024-06-18 06:00:21.305069,8.7,6.0,1.5,7.2,6.3,1,7.8,0
STD10041,SCH1167,Rift Valley,Female,13,2025-02-09 06:00:21.305069,5.2,4.4,5.1,5.3,9.2,1,3.6,1
STD10042,SCH1274,Rift Valley,Male,14,2025-07-19 06:00:21.305069,9.5,4.0,6.8,7.0,6.8,1,5.1,0
STD10043,SCH1388,Eastern,Female,14,2025-02-04 06:00:21.305069,6.1,7.6,7.6,6.9,7.1,1,3.8,1
STD10044,SCH1601,Western,Female,15,2023-12-07 06:00:21.305069,4.7,8.0,6.2,7.3,5.2,1,6.4,0
STD10045,SCH1316,Nyanza,Male,15,2024-10-01 06:00:21.305069,7.5,6.8,6.9,6.4,7.6,0,4.4,1
STD10046,SCH1014,North Eastern,Female,17,2024-03-10 06:00:21.305069,5.9,2.7,4.9,7.8,7.5,1,4.0,1
STD10047,SCH1242,Nairobi,Male,14,2024-02-18 06:00:21.305069,9.5,6.9,4.5,6.5,7.3,1,6.1,0
STD10048,SCH1346,Western,Male,18,2024-09-02 06:00:21.305069,5.9,2.8,10.0,7.6,4.4,1,3.2,1
STD10049,SCH1565,Nairobi,Male,14,2024-12-25 06:00:21.305069,7.0,4.8,7.2,8.2,5.5,0,3.5,1
STD10050,SCH1340,North Eastern,Male,15,2024-08-30 06:00:21.305069,4.4,7.6,3.2,6.2,8.9,1,5.8,0
STD10051,SCH1092,Nyanza,Male,18,2023-10-03 06:00:21.305069,7.7,7.2,2.0,5.8,5.3,1,7.9,0
STD10052,SCH1367,Rift Valley,Female,13,2025-02-18 06:00:21.305069,5.3,6.8,4.6,7.7,9.2,1,5.2,0
STD10053,SCH1455,Western,Female,13,2025-01-26 06:00:21.305069,7.5,8.4,7.9,5.0,5.6,1,7.3,0
STD10054,SCH1428,Coast,Female,19,2025-01-02 06:00:21.305069,5.9,7.0,5.6,8.7,6.8,1,5.9,0
STD10055,SCH1509,Coast,Male,16,2023-09-08 06:00:21.305069,3.4,2.4,1.1,7.0,6.2,1,5.1,0
STD10056,SCH1035,North Eastern,Female,15,2024-03-17 06:00:21.305069,6.7,5.3,5.1,6.8,5.1,1,5.5,0
STD10057,SCH1206,Coast,Male,16,2024-06-22 06:00:21.305069,6.6,5.9,5.5,7.8,5.1,1,6.6,0
STD10058,SCH1081,Rift Valley,Male,18,2025-06-08 06:00:21.305069,7.8,5.7,1.0,7.7,5.3,1,5.7,0
STD10059,SCH1562,North Eastern,Female,15,2024-05-15 06:00:21.305069,8.8,4.9,5.5,7.0,6.8,1,5.4,0
STD10060,SCH1388,Rift Valley,Male,17,2025-03-10 06:00:21.305069,9.4,4.1,3.5,8.3,8.0,1,4.7,1
STD10061,SCH1002,Nyanza,Female,14,2024-03-06 06:00:21.305069,7.8,10.0,1.8,6.0,6.6,0,8.4,0
STD10062,SCH1390,Nairobi,Female,17,2023-09-18 06:00:21.305069,6.9,5.3,8.7,8.1,6.4,1,4.7,1
STD10063,SCH1566,Nyanza,Male,18,2024-11-02 06:00:21.305069,4.4,10.0,3.4,5.4,8.6,1,7.0,0
STD10064,SCH1106,Nyanza,Male,15,2024-01-26 06:00:21.305069,6.8,3.9,4.2,7.8,6.6,1,5.5,0
STD10065,SCH1477,Rift Valley,Male,18,2024-04-27 06:00:21.305069,6.8,7.2,4.1,6.5,5.6,1,6.0,0
STD10066,SCH1402,North Eastern,Female,14,2025-01-19 06:00:21.305069,6.2,6.4,5.5,5.0,4.8,1,4.4,1
STD10067,SCH1556,North Eastern,Male,13,2025-05-29 06:00:21.305069,7.4,4.3,9.0,7.4,8.7,0,1.0,1
STD10068,SCH1162,Coast,Male,13,2024-12-09 06:00:21.305069,8.2,5.2,3.1,6.9,5.9,1,6.3,0
STD10069,SCH1202,Central,Male,18,2023-08-27 06:00:21.305069,5.3,6.0,4.9,4.7,5.5,1,5.9,0
STD10070,SCH1270,Nairobi,Female,16,2025-08-12 06:00:21.305069,5.2,4.5,5.7,3.8,5.4,1,3.8,1
STD10071,SCH1271,Rift Valley,Male,15,2025-01-03 06:00:21.305069,6.3,5.5,3.8,6.8,8.6,0,4.9,1
STD10072,SCH1456,Coast,Male,15,2025-02-27 06:00:21.305069,5.6,1.7,4.9,9.4,5.5,1,4.2,1
STD10073,SCH1462,Western,Female,13,2024-10-26 06:00:21.305069,4.0,7.3,6.7,7.5,8.2,1,3.9,1
STD10074,SCH1252,Central,Female,19,2023-12-06 06:00:21.305069,5.0,8.2,4.0,6.0,6.1,1,6.2,0
STD10075,SCH1296,Central,Male,17,2024-01-17 06:00:21.305069,4.7,6.8,4.8,8.6,4.4,1,5.5,0
STD10076,SCH1338,Rift Valley,Male,19,2025-05-13 06:00:21.305069,8.3,10.0,4.6,8.4,5.9,1,7.2,0
STD10077,SCH1053,Eastern,Male,14,2023-11-27 06:00:21.305069,9.1,7.2,5.3,8.9,6.4,0,6.9,0
STD10078,SCH1217,Nairobi,Female,17,2024-02-24 06:00:21.305069,4.9,8.1,6.0,8.0,6.3,1,5.5,0
STD10079,SCH1188,Central,Male,17,2025-08-15 06:00:21.305069,7.3,8.2,6.7,8.3,6.3,1,8.3,0
STD10080,SCH1380,Rift Valley,Female,18,2025-03-02 06:00:21.305069,7.8,1.0,9.4,8.1,6.0,0,1.8,1
STD10081,SCH1493,Rift Valley,Female,13,2023-11-06 06:00:21.305069,4.3,6.8,1.0,6.3,5.2,1,6.2,0
STD10082,SCH1041,Coast,Female,19,2024-12-18 06:00:21.305069,6.7,3.5,5.2,4.5,6.5,1,3.5,1
STD10083,SCH1157,Western,Male,19,2023-11-13 06:00:21.305069,10.0,3.9,2.8,6.2,7.4,0,5.4,0
STD10084,SCH1015,Eastern,Female,13,2024-02-27 06:00:21.305069,7.5,4.2,4.7,8.7,4.0,1,6.4,0
STD10085,SCH1065,Nairobi,Female,19,2023-11-29 06:00:21.305069,6.1,5.4,7.3,6.4,8.7,1,6.1,0
STD10086,SCH1521,North Eastern,Female,13,2023-11-21 06:00:21.305069,5.7,7.2,7.9,6.8,1.0,1,5.4,0
STD10087,SCH1344,Nyanza,Male,18,2024-10-13 06:00:21.305069,3.5,6.8,8.0,5.3,6.6,1,3.9,1
STD10088,SCH1129,Western,Other,16,2024-03-02 06:00:21.305069,7.2,6.0,8.0,6.2,7.3,1,2.3,1
STD10089,SCH1472,Western,Male,17,2023-08-18 06:00:21.305069,9.4,7.3,5.2,7.0,5.5,1,6.6,0
STD10090,SCH1063,Coast,Male,18,2024-09-27 06:00:21.305069,5.3,7.4,8.3,7.7,2.9,0,7.1,0
STD10091,SCH1139,North Eastern,Male,15,2024-08-29 06:00:21.305069,3.6,6.8,8.7,6.3,6.3,1,3.4,1
STD10092,SCH1499,Central,Female,14,2024-01-31 06:00:21.305069,5.5,2.9,5.8,6.2,6.8,1,3.8,1
STD10093,SCH1593,Central,Male,16,2025-01-07 06:00:21.305069,7.8,4.7,7.9,8.3,4.5,1,4.3,1
STD10094,SCH1392,Coast,Male,15,2025-05-16 06:00:21.305069,5.9,6.0,5.6,7.5,5.1,1,5.7,0
STD10095,SCH1419,Rift Valley,Male,17,2024-06-25 06:00:21.305069,5.3,7.3,8.3,7.7,8.1,0,6.0,0
STD10096,SCH1289,Central,Male,19,2025-04-01 06:00:21.305069,6.5,3.6,5.2,9.3,6.7,1,3.5,1
STD10097,SCH1379,Eastern,Female,13,2024-10-08 06:00:21.305069,6.8,6.0,4.3,6.2,3.9,1,8.4,0
STD10098,SCH1490,Nairobi,Female,17,2025-06-28 06:00:21.305069,4.4,3.2,3.3,6.9,7.3,1,2.3,1
STD10099,SCH1231,Western,Male,18,2024-12-06 06:00:21.305069,6.2,7.8,5.2,7.8,4.9,1,6.0,0
STD10100,SCH1041,Western,Male,14,2023-10-29 06:00:21.305069,5.8,6.4,5.7,5.7,5.2,1,4.2,1
STD10101,SCH1028,Eastern,Female,18,2024-01-05 06:00:21.305069,5.5,3.6,3.6,7.3,6.8,1,4.2,1
STD10102,SCH1135,North Eastern,Male,16,2025-03-21 06:00:21.305069,5.0,3.6,5.0,7.0,6.7,1,2.9,1
STD10103,SCH1201,Central,Male,16,2024-05-05 06:00:21.305069,7.9,6.7,4.4,10.0,5.8,1,6.1,0
STD10104,SCH1033,Western,Other,14,2024-07-22 06:00:21.305069,5.5,8.5,3.3,7.1,5.6,1,5.6,0
STD10105,SCH1048,Nyanza,Female,15,2024-06-20 06:00:21.305069,3.5,4.0,7.6,8.7,6.1,0,3.9,1
STD10106,SCH1503,North Eastern,Male,15,2024-04-18 06:00:21.305069,6.9,7.4,7.9,8.2,5.2,0,5.4,0
STD10107,SCH1407,Nairobi,Female,16,2025-01-13 06:00:21.305069,7.6,5.0,7.6,5.3,8.4,1,3.2,1
STD10108,SCH1574,Nairobi,Male,16,2024-07-19 06:00:21.305069,5.3,7.5,5.3,4.7,3.8,0,5.9,0
STD10109,SCH1099,Western,Female,19,2025-03-14 06:00:21.305069,5.7,7.2,5.5,7.4,6.1,1,4.1,1
STD10110,SCH1547,Coast,Male,13,2025-02-28 06:00:21.305069,5.5,6.3,3.4,8.9,4.0,0,6.9,0
STD10111,SCH1613,North Eastern,Male,19,2023-11-01 06:00:21.305069,6.0,2.7,6.3,7.4,8.1,0,3.0,1
STD10112,SCH1462,Western,Male,19,2024-02-08 06:00:21.305069,8.2,7.2,5.8,7.1,6.1,1,6.2,0
STD10113,SCH1005,Coast,Female,15,2023-12-04 06:00:21.305069,6.3,6.9,10.0,6.6,4.7,1,4.9,1
STD10114,SCH1218,Western,Female,14,2024-02-16 06:00:21.305069,7.8,6.7,7.7,5.0,7.7,1,6.3,0
STD10115,SCH1503,Nyanza,Male,15,2024-02-25 06:00:21.305069,5.0,6.4,6.1,5.6,2.6,1,5.5,0
STD10116,SCH1398,North Eastern,Male,13,2023-10-21 06:00:21.305069,5.9,4.4,5.4,4.6,7.0,1,3.6,1
STD10117,SCH1393,Rift Valley,Female,18,2024-12-03 06:00:21.305069,7.9,7.9,7.5,5.3,8.5,0,3.8,1
STD10118,SCH1207,Nairobi,Male,16,2023-11-25 06:00:21.305069,5.3,7.6,3.7,6.2,6.8,1,3.3,1
STD10119,SCH1015,Western,Male,16,2025-02-11 06:00:21.305069,8.0,4.1,7.8,8.2,5.6,1,4.7,1
STD10120,SCH1554,Nyanza,Other,13,2023-12-23 06:00:21.305069,5.6,8.4,3.3,6.3,4.4,1,5.6,0
STD10121,SCH1461,Coast,Male,19,2024-11-11 06:00:21.305069,6.0,6.2,4.4,7.4,8.3,1,2.5,1
STD10122,SCH1575,Coast,Female,14,2024-08-20 06:00:21.305069,9.0,6.2,1.8,7.2,8.1,1,6.6,0
STD10123,SCH1241,Nairobi,Other,16,2023-09-29 06:00:21.305069,5.8,5.7,6.7,7.7,5.4,0,5.1,0
STD10124,SCH1564,Eastern,Male,17,2024-10-09 06:00:21.305069,6.7,5.9,6.0,5.4,5.4,0,5.7,0
STD10125,SCH1096,Western,Male,19,2024-12-17 06:00:21.305069,7.4,8.5,4.4,8.6,8.5,1,7.9,0
STD10126,SCH1485,North Eastern,Male,16,2023-11-03 06:00:21.305069,6.8,7.9,3.6,4.9,7.4,1,7.0,0
STD10127,SCH1407,Central,Female,17,2024-05-13 06:00:21.305069,6.9,7.8,8.3,6.3,3.5,0,6.7,0
STD10128,SCH1231,Coast,Female,13,2025-06-21 06:00:21.305069,6.4,6.3,5.2,7.0,6.2,1,3.9,1
STD10129,SCH1171,North Eastern,Female,13,2025-07-18 06:00:21.305069,4.5,7.6,4.0,8.1,6.1,0,5.9,0
STD10130,SCH1541,North Eastern,Male,19,2025-08-14 06:00:21.305069,7.0,4.5,9.3,9.1,6.9,1,4.5,1
STD10131,SCH1036,Rift Valley,Female,16,2024-06-27 06:00:21.305069,5.4,7.1,4.2,8.2,6.5,1,6.0,0
STD10132,SCH1525,North Eastern,Female,15,2024-02-01 06:00:21.305069,7.7,5.7,7.8,9.1,5.6,1,5.2,0
STD10133,SCH1160,North Eastern,Female,17,2024-07-21 06:00:21.305069,8.6,2.3,3.2,5.8,6.8,1,4.7,1
STD10134,SCH1243,Rift Valley,Female,14,2024-02-26 06:00:21.305069,3.8,3.1,4.8,8.8,5.7,1,4.2,1
STD10135,SCH1086,Coast,Female,16,2024-11-12 06:00:21.305069,8.6,4.8,6.5,8.5,10.0,1,4.5,1
STD10136,SCH1578,North Eastern,Female,14,2024-05-26 06:00:21.305069,5.9,6.7,5.4,3.4,6.7,0,3.7,1
STD10137,SCH1557,Eastern,Female,16,2024-07-18 06:00:21.305069,6.3,4.8,6.0,6.7,6.5,1,2.6,1
STD10138,SCH1574,Eastern,Male,15,2024-09-10 06:00:21.305069,5.1,4.9,4.4,7.9,9.6,0,4.0,1
STD10139,SCH1028,Nyanza,Male,15,2025-01-23 06:00:21.305069,6.8,7.4,2.3,6.2,4.2,1,7.3,0
STD10140,SCH1620,Rift Valley,Female,19,2024-04-13 06:00:21.305069,6.6,5.0,8.4,5.4,6.3,1,3.6,1
STD10141,SCH1556,Nyanza,Male,19,2024-12-12 06:00:21.305069,8.1,8.4,4.5,10.0,4.9,1,9.0,0
STD10142,SCH1340,Rift Valley,Female,15,2025-06-06 06:00:21.305069,5.4,8.1,6.1,7.2,7.6,1,6.5,0
STD10143,SCH1331,Western,Other,18,2025-08-02 06:00:21.305069,9.0,6.0,6.9,7.2,5.7,0,5.7,0
STD10144,SCH1640,Western,Female,15,2025-03-31 06:00:21.305069,7.5,7.4,6.1,5.0,7.5,1,5.2,0
STD10145,SCH1506,North Eastern,Male,13,2025-02-22 06:00:21.305069,6.6,7.1,4.1,6.1,7.4,1,6.4,0
STD10146,SCH1348,Central,Male,13,2024-11-17 06:00:21.305069,6.2,5.6,7.8,5.7,7.8,1,4.1,1
STD10147,SCH1473,Western,Male,18,2023-11-14 06:00:21.305069,6.0,7.6,6.5,8.6,7.4,0,5.1,0
STD10148,SCH1231,Central,Female,17,2025-06-07 06:00:21.305069,6.1,7.8,5.9,7.8,6.1,1,6.7,0
STD10149,SCH1190,Western,Female,14,2023-11-20 06:00:21.305069,6.8,4.3,5.9,6.1,4.1,1,4.6,1
STD10150,SCH1225,Nairobi,Female,16,2024-11-11 06:00:21.305069,6.2,6.3,8.9,7.8,8.2,1,3.8,1
STD10151,SCH1385,Western,Male,16,2024-10-18 06:00:21.305069,5.5,6.3,4.0,6.6,8.9,1,5.3,0
STD10152,SCH1377,Nyanza,Female,18,2024-01-15 06:00:21.305069,6.8,7.5,6.3,7.4,4.9,1,5.8,0
STD10153,SCH1283,Coast,Female,13,2025-01-12 06:00:21.305069,5.2,5.2,4.4,7.3,7.8,0,4.7,1
STD10154,SCH1633,North Eastern,Male,19,2024-08-27 06:00:21.305069,7.0,4.9,1.6,7.6,4.5,0,7.0,0
STD10155,SCH1628,Nyanza,Female,16,2023-09-08 06:00:21.305069,6.2,6.3,1.6,7.4,6.8,1,7.3,0
STD10156,SCH1259,Coast,Male,13,2024-06-25 06:00:21.305069,7.5,8.1,3.5,7.6,7.2,0,7.8,0
STD10157,SCH1359,Eastern,Male,17,2025-01-17 06:00:21.305069,8.0,3.8,4.2,8.9,5.8,1,6.0,0
STD10158,SCH1456,Nyanza,Female,14,2024-03-10 06:00:21.305069,8.0,4.2,9.8,8.0,6.7,1,1.0,1
STD10159,SCH1411,Eastern,Male,17,2024-08-26 06:00:21.305069,7.0,5.1,6.9,6.5,7.9,1,4.4,1
STD10160,SCH1318,Central,Female,18,2024-11-10 06:00:21.305069,7.2,5.4,7.1,6.9,6.3,0,5.1,0
STD10161,SCH1225,Central,Female,15,2025-05-04 06:00:21.305069,6.0,2.8,4.2,8.8,5.4,1,5.4,0
STD10162,SCH1234,Nairobi,Female,15,2025-04-03 06:00:21.305069,7.5,8.7,5.6,7.2,4.4,0,6.1,0
STD10163,SCH1374,Western,Male,15,2024-02-12 06:00:21.305069,7.7,5.8,10.0,6.4,5.8,1,1.8,1
STD10164,SCH1608,Nyanza,Female,17,2024-03-14 06:00:21.305069,4.1,5.5,3.1,6.1,4.5,1,6.1,0
STD10165,SCH1472,Eastern,Female,16,2024-12-29 06:00:21.305069,7.1,8.9,6.4,7.4,5.9,1,5.3,0
STD10166,SCH1233,Coast,Female,14,2024-11-23 06:00:21.305069,8.6,7.3,8.7,5.7,5.7,1,6.6,0
STD10167,SCH1113,Central,Male,15,2023-12-19 06:00:21.305069,6.0,5.0,7.4,8.9,7.9,0,3.5,1
STD10168,SCH1497,Western,Male,18,2023-12-08 06:00:21.305069,5.6,6.3,9.1,5.4,6.6,1,2.5,1
STD10169,SCH1442,Central,Female,18,2023-08-29 06:00:21.305069,5.9,5.9,5.9,9.2,10.0,0,4.9,1
STD10170,SCH1564,Coast,Male,15,2023-12-21 06:00:21.305069,4.2,8.6,6.7,6.6,3.1,0,6.5,0
STD10171,SCH1268,Western,Female,15,2025-03-04 06:00:21.305069,6.7,5.7,5.7,5.4,7.0,1,5.2,0
STD10172,SCH1510,Western,Female,14,2024-07-13 06:00:21.305069,6.5,3.4,6.6,7.3,5.7,1,4.5,1
STD10173,SCH1386,Eastern,Female,15,2024-05-26 06:00:21.305069,6.8,2.6,3.7,5.6,4.9,1,3.7,1
STD10174,SCH1387,Eastern,Female,14,2024-01-04 06:00:21.305069,7.1,8.7,7.1,7.1,6.4,1,4.4,1
STD10175,SCH1113,Nyanza,Female,18,2024-09-21 06:00:21.305069,5.3,4.6,6.1,6.1,6.3,1,3.5,1
STD10176,SCH1613,Nyanza,Female,15,2023-11-22 06:00:21.305069,6.9,7.2,5.6,8.4,8.3,1,4.5,1
STD10177,SCH1625,Rift Valley,Female,17,2025-01-15 06:00:21.305069,7.2,6.1,9.0,7.2,6.7,1,4.8,1
STD10178,SCH1081,North Eastern,Female,19,2025-03-08 06:00:21.305069,5.8,5.3,5.0,5.2,5.3,0,5.6,0
STD10179,SCH1113,Rift Valley,Male,17,2023-10-25 06:00:21.305069,7.1,5.5,7.9,6.1,7.1,1,4.3,1
STD10180,SCH1002,Nairobi,Male,18,2023-12-13 06:00:21.305069,6.6,8.9,8.1,8.1,6.1,0,5.9,0
STD10181,SCH1220,Central,Female,14,2023-10-15 06:00:21.305069,5.6,3.4,7.2,8.9,4.6,1,3.7,1
STD10182,SCH1566,Nyanza,Male,17,2023-09-19 06:00:21.305069,6.9,5.3,3.6,6.9,6.1,1,6.8,0
STD10183,SCH1225,Eastern,Male,14,2024-06-30 06:00:21.305069,6.1,7.6,6.2,5.4,6.9,1,3.2,1
STD10184,SCH1385,Coast,Male,17,2023-10-06 06:00:21.305069,7.5,3.7,9.4,8.6,6.6,1,2.4,1
STD10185,SCH1403,Eastern,Female,17,2024-12-18 06:00:21.305069,6.1,8.4,1.9,8.1,7.1,0,9.3,0
STD10186,SCH1638,Central,Female,14,2023-09-05 06:00:21.305069,4.6,7.6,5.1,9.0,5.6,1,4.7,1
STD10187,SCH1130,Rift Valley,Female,16,2025-08-12 06:00:21.305069,6.9,6.5,7.8,7.4,7.0,1,5.3,0
STD10188,SCH1053,Eastern,Female,17,2024-03-01 06:00:21.305069,6.8,5.1,5.3,6.2,6.7,1,5.6,0
STD10189,SCH1416,North Eastern,Female,15,2024-11-09 06:00:21.305069,4.9,3.5,7.1,7.8,6.7,1,1.2,1
STD10190,SCH1247,Nairobi,Male,19,2025-02-26 06:00:21.305069,7.6,7.3,8.3,7.5,6.6,1,3.5,1
STD10191,SCH1439,Central,Female,18,2025-06-26 06:00:21.305069,7.5,10.0,6.0,6.1,10.0,1,7.5,0
STD10192,SCH1203,Rift Valley,Male,16,2024-11-11 06:00:21.305069,5.2,6.3,6.5,7.3,8.4,1,3.2,1
STD10193,SCH1184,North Eastern,Female,14,2024-06-01 06:00:21.305069,5.5,2.7,5.7,6.7,7.0,0,2.3,1
STD10194,SCH1123,Coast,Female,16,2024-01-05 06:00:21.305069,6.3,6.8,6.1,8.1,5.1,0,5.3,0
STD10195,SCH1401,Rift Valley,Male,13,2023-11-09 06:00:21.305069,5.4,7.5,9.7,7.7,6.0,1,3.4,1
STD10196,SCH1294,Western,Male,13,2025-07-11 06:00:21.305069,7.5,4.3,5.4,5.4,9.2,0,4.5,1
STD10197,SCH1280,North Eastern,Male,17,2024-09-11 06:00:21.305069,6.7,4.8,4.8,5.3,5.5,1,3.6,1
STD10198,SCH1610,North Eastern,Male,17,2025-03-30 06:00:21.305069,4.9,4.7,7.6,6.9,6.2,1,1.4,1
STD10199,SCH1198,Nairobi,Male,15,2024-03-19 06:00:21.305069,5.3,5.0,3.8,7.0,6.1,1,6.2,0
STD10200,SCH1511,Central,Female,19,2025-01-24 06:00:21.305069,8.3,5.7,4.3,8.1,7.1,1,4.9,1
STD10201,SCH1144,Coast,Female,18,2024-03-19 06:00:21.305069,8.8,4.5,4.3,7.8,5.8,0,5.2,0
STD10202,SCH1609,Nairobi,Female,16,2024-09-23 06:00:21.305069,7.3,3.8,5.0,9.2,6.8,1,6.0,0
STD10203,SCH1201,Rift Valley,Female,13,2023-12-23 06:00:21.305069,6.2,6.3,5.1,6.3,5.8,1,5.4,0
STD10204,SCH1124,Nairobi,Female,17,2024-12-06 06:00:21.305069,5.8,5.7,6.9,6.2,8.7,1,4.9,1
STD10205,SCH1187,North Eastern,Female,18,2024-09-24 06:00:21.305069,7.3,5.2,4.8,5.6,5.3,0,6.2,0
STD10206,SCH1326,Central,Male,16,2023-09-15 06:00:21.305069,6.6,6.1,7.0,8.1,8.2,1,4.2,1
STD10207,SCH1464,Nyanza,Female,17,2024-07-20 06:00:21.305069,4.1,3.3,7.2,7.0,5.5,0,4.0,1
STD10208,SCH1349,Nairobi,Male,17,2025-07-31 06:00:21.305069,8.0,6.5,4.2,4.2,5.0,1,6.2,0
STD10209,SCH1403,Western,Other,13,2024-08-12 06:00:21.305069,8.5,5.3,7.2,7.3,5.3,0,4.7,1
STD10210,SCH1346,Nairobi,Female,13,2025-03-08 06:00:21.305069,7.6,6.4,7.4,7.4,3.6,1,6.1,0
STD10211,SCH1511,Rift Valley,Female,17,2024-09-12 06:00:21.305069,4.9,6.7,2.0,6.8,7.2,1,4.5,1
STD10212,SCH1147,Rift Valley,Male,14,2024-03-22 06:00:21.305069,5.5,8.0,6.1,7.4,4.5,0,7.0,0
STD10213,SCH1148,Coast,Female,17,2025-03-13 06:00:21.305069,3.7,6.2,4.5,5.2,5.9,0,5.2,0
STD10214,SCH1489,Rift Valley,Female,18,2025-06-16 06:00:21.305069,8.9,7.9,8.1,9.5,7.8,1,6.3,0
STD10215,SCH1640,Eastern,Male,17,2024-03-06 06:00:21.305069,6.0,5.4,4.5,7.6,7.7,0,3.0,1
STD10216,SCH1551,Central,Male,15,2023-09-03 06:00:21.305069,10.0,5.5,2.8,4.3,4.1,1,8.1,0
STD10217,SCH1338,Central,Female,19,2024-07-04 06:00:21.305069,9.4,5.8,5.4,7.0,7.0,1,6.4,0
STD10218,SCH1473,Nyanza,Male,15,2025-01-16 06:00:21.305069,5.1,7.4,3.7,7.6,8.4,1,5.6,0
STD10219,SCH1151,Nyanza,Female,15,2025-03-09 06:00:21.305069,5.4,7.1,7.2,5.3,5.4,1,4.5,1
STD10220,SCH1415,Central,Male,14,2024-07-07 06:00:21.305069,7.2,6.2,3.9,7.8,7.4,0,5.5,0
STD10221,SCH1298,Western,Male,14,2024-10-02 06:00:21.305069,3.9,3.8,5.5,9.5,4.6,1,4.0,1
STD10222,SCH1611,Nyanza,Female,17,2024-06-30 06:00:21.305069,5.8,7.1,8.6,6.0,7.2,0,4.9,1
STD10223,SCH1263,Coast,Male,15,2025-06-28 06:00:21.305069,5.7,4.4,7.7,7.6,6.7,1,3.1,1
STD10224,SCH1144,Rift Valley,Female,14,2023-11-07 06:00:21.305069,9.3,4.4,6.5,7.3,7.6,1,4.6,1
STD10225,SCH1346,Central,Male,13,2024-12-03 06:00:21.305069,6.7,4.0,5.2,8.5,7.5,1,4.5,1
STD10226,SCH1624,North Eastern,Male,17,2024-11-27 06:00:21.305069,6.1,5.9,6.3,6.8,4.2,0,5.1,0
STD10227,SCH1572,Nyanza,Female,18,2024-10-15 06:00:21.305069,5.6,8.2,6.9,5.4,6.7,1,4.3,1
STD10228,SCH1002,Central,Female,19,2025-07-06 06:00:21.305069,7.8,4.3,3.5,8.4,9.0,1,5.1,0
STD10229,SCH1304,Eastern,Female,16,2024-03-08 06:00:21.305069,5.8,9.0,7.2,5.5,2.8,1,6.5,0
STD10230,SCH1254,Nairobi,Female,17,2025-03-22 06:00:21.305069,6.4,7.6,3.3,9.7,8.1,1,5.8,0
STD10231,SCH1453,Rift Valley,Female,16,2024-09-07 06:00:21.305069,5.5,3.4,6.6,7.8,9.2,1,2.9,1
STD10232,SCH1037,Central,Male,15,2023-11-23 06:00:21.305069,4.2,5.3,3.3,6.1,4.0,0,7.3,0
STD10233,SCH1160,Nairobi,Male,19,2024-07-27 06:00:21.305069,5.0,4.1,9.4,8.7,5.4,1,3.2,1
STD10234,SCH1009,Nyanza,Female,16,2024-03-12 06:00:21.305069,5.7,7.2,7.0,7.0,7.4,1,3.8,1
STD10235,SCH1233,Nairobi,Female,15,2025-01-12 06:00:21.305069,6.1,4.2,2.4,6.7,5.0,1,4.5,1
STD10236,SCH1099,Rift Valley,Female,13,2025-05-14 06:00:21.305069,6.2,3.1,5.5,6.0,8.8,1,1.8,1
STD10237,SCH1208,Central,Male,16,2025-03-25 06:00:21.305069,6.4,5.4,4.5,4.2,8.3,0,6.0,0
STD10238,SCH1131,Eastern,Male,19,2024-01-30 06:00:21.305069,5.8,8.1,4.2,7.9,4.1,1,8.0,0
STD10239,SCH1404,Western,Female,17,2023-09-08 06:00:21.305069,8.5,5.7,5.8,4.6,5.2,1,4.0,1
STD10240,SCH1152,Nyanza,Female,15,2024-01-18 06:00:21.305069,7.9,6.7,3.6,5.8,7.8,0,6.2,0
STD10241,SCH1054,Central,Female,17,2024-10-29 06:00:21.305069,6.3,6.8,7.0,7.6,7.7,1,6.2,0
STD10242,SCH1120,Rift Valley,Female,19,2024-06-07 06:00:21.305069,6.9,3.3,6.9,6.2,10.0,1,2.8,1
STD10243,SCH1628,Nyanza,Female,14,2024-03-23 06:00:21.305069,5.9,4.4,6.2,7.2,5.0,1,4.0,1
STD10244,SCH1587,Coast,Male,15,2025-06-16 06:00:21.305069,2.2,6.0,5.5,5.2,9.0,1,5.3,0
STD10245,SCH1625,Nairobi,Male,16,2024-12-24 06:00:21.305069,6.5,5.0,6.8,6.5,4.9,1,2.6,1
STD10246,SCH1420,Western,Male,15,2024-04-03 06:00:21.305069,7.0,9.1,7.1,7.2,7.4,0,8.8,0
STD10247,SCH1422,Rift Valley,Male,17,2023-09-06 06:00:21.305069,4.1,3.8,6.4,5.6,8.0,1,2.7,1
STD10248,SCH1104,Coast,Female,13,2025-02-20 06:00:21.305069,7.2,4.4,2.9,9.5,1.4,1,8.5,0
STD10249,SCH1254,North Eastern,Male,15,2024-01-12 06:00:21.305069,6.1,6.5,3.9,6.0,8.0,1,4.0,1
STD10250,SCH1227,Central,Female,16,2023-12-03 06:00:21.305069,7.0,4.9,5.0,9.1,8.9,1,4.2,1
STD10251,SCH1112,Eastern,Male,14,2024-09-23 06:00:21.305069,6.1,1.0,2.5,6.7,8.4,1,2.3,1
STD10252,SCH1510,Nyanza,Male,18,2025-04-04 06:00:21.305069,8.4,9.5,5.9,4.6,10.0,0,5.8,0
STD10253,SCH1473,Nairobi,Male,13,2024-12-12 06:00:21.305069,6.8,4.1,8.3,5.3,8.1,0,3.2,1
STD10254,SCH1099,Nyanza,Male,14,2024-08-18 06:00:21.305069,8.0,7.0,8.0,7.3,5.6,1,6.7,0
STD10255,SCH1153,Western,Female,15,2024-10-04 06:00:21.305069,8.1,3.7,7.0,8.5,8.6,1,2.4,1
STD10256,SCH1338,Central,Male,17,2024-06-21 06:00:21.305069,4.8,4.4,7.0,9.7,5.5,1,4.5,1
STD10257,SCH1163,Nyanza,Female,19,2023-12-29 06:00:21.305069,5.4,3.1,9.9,7.2,6.6,1,3.2,1
STD10258,SCH1161,Nairobi,Male,17,2025-08-05 06:00:21.305069,7.2,4.7,7.2,5.2,7.9,1,4.8,1
STD10259,SCH1580,Central,Male,16,2024-05-26 06:00:21.305069,6.0,4.8,7.4,7.4,7.3,1,3.4,1
STD10260,SCH1398,Nyanza,Male,17,2023-10-29 06:00:21.305069,6.1,5.8,2.6,5.8,8.8,1,4.7,1
STD10261,SCH1277,Eastern,Female,13,2024-12-10 06:00:21.305069,8.4,5.3,8.2,7.6,10.0,1,4.0,1
STD10262,SCH1504,Rift Valley,Female,17,2024-08-03 06:00:21.305069,6.0,3.4,6.3,5.6,4.6,1,4.0,1
STD10263,SCH1392,Central,Male,16,2025-02-27 06:00:21.305069,5.0,5.1,5.3,3.9,5.9,1,5.2,0
STD10264,SCH1135,Rift Valley,Male,18,2024-07-08 06:00:21.305069,5.2,8.6,4.8,9.0,7.0,0,5.1,0
STD10265,SCH1195,North Eastern,Female,15,2024-11-02 06:00:21.305069,9.8,8.4,4.4,6.7,5.7,1,6.9,0
STD10266,SCH1401,Central,Male,19,2023-11-25 06:00:21.305069,6.2,6.8,8.0,7.1,6.4,1,3.3,1
STD10267,SCH1640,Eastern,Male,15,2023-10-15 06:00:21.305069,4.5,7.2,5.4,8.5,7.8,0,5.6,0
STD10268,SCH1033,Rift Valley,Female,17,2025-01-06 06:00:21.305069,3.8,9.7,4.5,9.8,7.6,0,7.8,0
STD10269,SCH1460,Coast,Female,14,2024-05-01 06:00:21.305069,5.6,7.0,4.0,8.1,6.9,0,4.5,1
STD10270,SCH1470,Nairobi,Male,15,2024-10-03 06:00:21.305069,6.2,7.2,5.8,7.2,6.8,1,5.6,0
STD10271,SCH1375,Coast,Female,18,2024-11-11 06:00:21.305069,7.9,3.2,4.8,7.7,6.1,0,6.0,0
STD10272,SCH1022,Nyanza,Female,17,2023-10-21 06:00:21.305069,7.8,4.0,4.3,6.6,8.9,0,5.4,0
STD10273,SCH1038,Eastern,Male,19,2025-04-03 06:00:21.305069,6.5,5.9,2.7,7.1,9.3,1,6.3,0
STD10274,SCH1230,Coast,Female,16,2024-01-18 06:00:21.305069,5.8,4.5,7.4,7.2,8.2,1,2.2,1
STD10275,SCH1365,Central,Female,18,2024-05-09 06:00:21.305069,7.0,4.2,5.2,5.8,4.5,0,5.7,0
STD10276,SCH1563,Nyanza,Male,17,2023-11-04 06:00:21.305069,3.9,4.4,3.3,7.0,6.1,1,4.3,1
STD10277,SCH1438,Nyanza,Male,18,2024-06-27 06:00:21.305069,9.5,3.4,5.0,7.6,6.8,1,6.4,0
STD10278,SCH1283,Coast,Male,15,2025-06-09 06:00:21.305069,7.5,4.6,6.6,7.8,4.9,1,5.5,0
STD10279,SCH1027,North Eastern,Female,19,2025-02-27 06:00:21.305069,7.8,6.6,5.6,7.7,6.6,1,5.1,0
STD10280,SCH1226,Coast,Male,16,2024-04-21 06:00:21.305069,4.9,9.2,5.9,5.0,6.5,0,5.8,0
STD10281,SCH1277,North Eastern,Female,17,2025-04-18 06:00:21.305069,8.4,7.4,5.6,8.8,8.3,1,7.2,0
STD10282,SCH1609,Eastern,Female,13,2024-10-04 06:00:21.305069,5.8,7.1,2.9,8.7,5.7,1,6.3,0
STD10283,SCH1284,Nairobi,Male,16,2023-09-11 06:00:21.305069,5.1,3.1,7.4,6.9,8.5,0,2.6,1
STD10284,SCH1481,Coast,Female,13,2024-05-27 06:00:21.305069,6.4,6.2,2.1,7.7,4.9,1,5.4,0
STD10285,SCH1453,Western,Male,18,2024-11-08 06:00:21.305069,6.4,5.9,6.4,6.7,5.1,1,5.6,0
STD10286,SCH1516,North Eastern,Female,14,2024-06-13 06:00:21.305069,4.9,6.5,6.7,8.1,5.9,1,4.8,1
STD10287,SCH1547,Coast,Female,16,2023-10-24 06:00:21.305069,5.2,5.4,5.1,5.8,6.6,1,5.3,0
STD10288,SCH1192,Rift Valley,Male,18,2023-08-24 06:00:21.305069,5.0,9.0,6.2,9.0,2.4,1,7.6,0
STD10289,SCH1049,Central,Male,13,2024-01-01 06:00:21.305069,5.1,6.1,4.9,8.1,7.3,1,4.6,1
STD10290,SCH1512,Western,Male,15,2024-01-28 06:00:21.305069,5.9,6.3,6.2,8.1,9.4,1,3.6,1
STD10291,SCH1017,Western,Male,15,2023-11-08 06:00:21.305069,4.4,2.5,7.5,6.8,7.6,1,1.0,1
STD10292,SCH1172,North Eastern,Male,14,2025-05-28 06:00:21.305069,5.5,5.8,3.9,4.9,6.1,1,4.4,1
STD10293,SCH1220,Rift Valley,Male,16,2024-10-10 06:00:21.305069,8.1,8.1,6.8,8.3,4.7,1,7.7,0
STD10294,SCH1158,Rift Valley,Other,16,2023-10-29 06:00:21.305069,7.7,7.0,8.9,4.9,3.4,1,3.3,1
STD10295,SCH1477,Nyanza,Male,16,2024-04-10 06:00:21.305069,4.9,2.1,6.0,8.3,3.7,1,2.7,1
STD10296,SCH1046,North Eastern,Male,18,2023-10-02 06:00:21.305069,7.9,5.2,4.5,5.8,6.3,1,6.3,0
STD10297,SCH1373,Nairobi,Female,19,2025-04-26 06:00:21.305069,3.6,9.1,10.0,4.6,10.0,1,4.3,1
STD10298,SCH1518,Central,Male,19,2024-05-05 06:00:21.305069,10.0,5.7,5.7,7.0,1.9,1,6.1,0
STD10299,SCH1099,Eastern,Other,14,2024-02-09 06:00:21.305069,8.5,6.6,6.0,8.8,7.7,0,4.9,1
STD10300,SCH1037,Western,Female,16,2024-01-30 06:00:21.305069,5.7,8.9,6.0,5.6,5.3,1,7.4,0
STD10301,SCH1280,Eastern,Female,18,2025-06-04 06:00:21.305069,7.1,5.7,6.4,9.4,5.9,0,5.5,0
STD10302,SCH1349,Coast,Male,15,2024-08-21 06:00:21.305069,4.4,7.4,4.8,8.0,4.9,0,5.0,0
STD10303,SCH1497,Coast,Male,13,2023-10-10 06:00:21.305069,6.6,6.7,5.9,7.2,4.2,0,7.1,0
STD10304,SCH1302,Eastern,Male,18,2025-07-07 06:00:21.305069,6.2,7.1,7.4,6.3,6.7,1,5.3,0
STD10305,SCH1181,Coast,Female,19,2024-10-09 06:00:21.305069,5.2,6.7,4.8,6.5,6.9,1,5.9,0
STD10306,SCH1607,Nairobi,Male,19,2025-01-05 06:00:21.305069,5.8,5.0,4.7,7.6,7.6,1,3.8,1
STD10307,SCH1099,Rift Valley,Male,15,2024-07-23 06:00:21.305069,5.6,5.2,4.9,8.3,3.6,1,6.0,0
STD10308,SCH1116,Coast,Other,15,2023-12-22 06:00:21.305069,4.8,4.5,3.3,6.1,8.0,1,5.5,0
STD10309,SCH1191,Nyanza,Male,13,2024-09-29 06:00:21.305069,5.2,3.0,4.1,5.8,8.0,1,4.1,1
STD10310,SCH1253,Coast,Male,15,2024-08-18 06:00:21.305069,4.3,8.2,4.1,6.7,7.2,1,6.7,0
STD10311,SCH1161,Central,Male,14,2024-05-14 06:00:21.305069,7.8,6.0,5.5,9.1,5.8,1,7.7,0
STD10312,SCH1256,Nairobi,Other,13,2025-05-22 06:00:21.305069,5.1,8.1,7.2,5.2,7.0,1,5.1,0
STD10313,SCH1323,Central,Male,15,2025-04-13 06:00:21.305069,4.7,8.8,8.4,8.7,6.2,1,4.7,1
STD10314,SCH1128,Central,Female,17,2024-08-30 06:00:21.305069,7.8,6.1,5.6,7.1,8.1,1,6.2,0
STD10315,SCH1018,Nyanza,Female,18,2023-10-29 06:00:21.305069,7.1,3.6,6.4,4.5,5.9,1,2.5,1
STD10316,SCH1566,Nairobi,Male,15,2024-04-21 06:00:21.305069,7.7,5.6,6.0,6.3,6.7,1,4.9,1
STD10317,SCH1570,Nairobi,Female,14,2023-09-29 06:00:21.305069,7.9,4.8,1.3,7.9,3.5,0,7.9,0
STD10318,SCH1323,North Eastern,Male,16,2024-08-28 06:00:21.305069,9.4,2.4,3.2,9.7,7.0,1,2.4,1
STD10319,SCH1626,Nairobi,Male,15,2023-09-27 06:00:21.305069,6.3,5.1,7.0,5.0,5.2,1,4.4,1
STD10320,SCH1288,Nairobi,Female,19,2024-02-03 06:00:21.305069,4.3,5.9,7.2,2.8,7.4,0,3.2,1
STD10321,SCH1639,Nairobi,Female,19,2024-03-16 06:00:21.305069,6.9,4.8,7.2,5.0,7.8,1,2.4,1
STD10322,SCH1155,Nyanza,Female,19,2024-12-22 06:00:21.305069,5.5,4.6,5.1,8.7,5.5,0,5.3,0
STD10323,SCH1490,Coast,Female,16,2025-06-27 06:00:21.305069,5.1,3.7,1.5,4.3,6.6,1,4.7,1
STD10324,SCH1386,North Eastern,Male,19,2023-09-25 06:00:21.305069,6.6,6.4,3.4,9.2,6.8,1,6.5,0
STD10325,SCH1104,Central,Male,17,2024-08-20 06:00:21.305069,7.8,9.4,3.7,8.8,7.1,1,9.1,0
STD10326,SCH1393,Nairobi,Male,15,2024-01-15 06:00:21.305069,5.2,8.3,6.8,7.3,7.8,1,6.1,0
STD10327,SCH1246,Western,Male,19,2023-12-06 06:00:21.305069,8.4,7.2,4.8,6.1,7.6,0,6.8,0
STD10328,SCH1176,Coast,Male,13,2024-12-09 06:00:21.305069,5.0,7.2,8.9,7.1,5.9,1,3.3,1
STD10329,SCH1039,Coast,Male,16,2024-10-26 06:00:21.305069,6.1,5.8,8.4,7.9,9.2,0,3.7,1
STD10330,SCH1477,Central,Male,17,2023-10-03 06:00:21.305069,7.1,2.8,8.8,7.7,7.8,1,4.1,1
STD10331,SCH1538,Nyanza,Male,13,2025-03-14 06:00:21.305069,5.9,5.3,3.7,9.6,8.9,1,5.1,0
STD10332,SCH1408,Eastern,Female,13,2024-08-17 06:00:21.305069,3.8,4.3,6.5,6.6,7.1,1,4.7,1
STD10333,SCH1525,Eastern,Female,13,2023-10-25 06:00:21.305069,7.9,6.3,4.5,5.0,7.2,1,6.2,0
STD10334,SCH1506,Coast,Male,13,2024-06-11 06:00:21.305069,5.6,8.2,6.2,4.8,6.3,1,7.0,0
STD10335,SCH1036,Rift Valley,Female,15,2024-06-08 06:00:21.305069,7.6,9.6,3.9,4.5,5.7,1,6.1,0
STD10336,SCH1020,Rift Valley,Female,19,2024-03-07 06:00:21.305069,4.6,6.1,8.0,7.3,8.2,1,3.4,1
STD10337,SCH1321,Central,Male,18,2023-10-17 06:00:21.305069,4.9,3.0,3.9,6.6,6.9,0,3.7,1
STD10338,SCH1512,Eastern,Female,15,2024-06-26 06:00:21.305069,7.8,6.1,1.6,7.0,6.3,1,7.6,0
STD10339,SCH1400,Coast,Female,15,2024-01-25 06:00:21.305069,7.0,6.2,9.6,6.2,4.8,0,3.6,1
STD10340,SCH1471,Nyanza,Female,17,2024-07-13 06:00:21.305069,5.8,7.2,6.4,5.3,9.1,0,2.6,1
STD10341,SCH1143,Eastern,Male,17,2025-01-26 06:00:21.305069,7.0,6.0,3.4,7.9,6.7,0,6.6,0
STD10342,SCH1092,Coast,Female,19,2024-07-20 06:00:21.305069,5.1,6.1,5.2,3.3,4.4,1,4.2,1
STD10343,SCH1354,Coast,Male,18,2025-04-14 06:00:21.305069,6.7,4.9,4.3,5.8,6.6,1,4.4,1
STD10344,SCH1051,Nairobi,Female,17,2024-06-16 06:00:21.305069,6.7,5.4,5.5,8.2,6.2,1,4.6,1
STD10345,SCH1575,Nyanza,Female,19,2025-01-01 06:00:21.305069,5.9,6.9,7.1,5.6,6.1,1,4.8,1
STD10346,SCH1190,Nairobi,Female,19,2025-05-28 06:00:21.305069,5.2,2.4,6.8,7.6,7.5,0,1.7,1
STD10347,SCH1125,Central,Female,14,2024-07-20 06:00:21.305069,6.6,5.4,6.0,5.8,6.2,1,4.4,1
STD10348,SCH1150,Nairobi,Female,18,2025-02-17 06:00:21.305069,6.4,7.2,5.5,6.3,6.0,1,4.8,1
STD10349,SCH1314,Western,Male,17,2025-05-17 06:00:21.305069,5.8,9.0,7.7,7.9,8.8,0,4.6,1
STD10350,SCH1570,Nairobi,Male,18,2024-05-18 06:00:21.305069,4.9,5.3,1.6,5.1,3.5,1,6.2,0
STD10351,SCH1342,Western,Female,15,2024-01-28 06:00:21.305069,6.5,8.1,4.0,8.1,6.4,1,7.5,0
STD10352,SCH1305,Eastern,Male,15,2024-11-02 06:00:21.305069,5.8,9.0,3.5,7.1,8.1,1,6.2,0
STD10353,SCH1054,Rift Valley,Male,18,2024-07-01 06:00:21.305069,4.9,5.3,7.5,8.9,7.6,1,5.0,0
STD10354,SCH1444,North Eastern,Male,14,2025-03-28 06:00:21.305069,6.6,5.0,4.0,7.3,8.2,1,3.9,1
STD10355,SCH1613,North Eastern,Male,14,2025-01-02 06:00:21.305069,8.9,5.7,2.9,5.4,9.9,1,4.0,1
STD10356,SCH1264,Coast,Female,18,2025-07-03 06:00:21.305069,5.9,5.9,6.6,9.6,9.4,0,3.1,1
STD10357,SCH1053,North Eastern,Female,17,2024-09-07 06:00:21.305069,8.7,8.0,3.7,5.5,4.5,1,6.3,0
STD10358,SCH1572,Western,Female,16,2025-04-11 06:00:21.305069,9.7,4.6,4.8,6.7,3.8,0,5.0,0
STD10359,SCH1620,Nyanza,Female,14,2025-07-08 06:00:21.305069,5.1,8.8,10.0,8.4,7.1,1,6.8,0
STD10360,SCH1005,Nairobi,Male,13,2024-12-23 06:00:21.305069,6.5,4.6,7.1,4.2,4.2,1,2.4,1
STD10361,SCH1103,Western,Male,15,2024-12-19 06:00:21.305069,9.7,3.7,5.1,9.2,3.2,1,7.5,0
STD10362,SCH1196,Nyanza,Female,18,2025-08-07 06:00:21.305069,6.3,6.9,5.3,5.3,7.0,1,5.1,0
STD10363,SCH1350,Rift Valley,Male,13,2023-10-29 06:00:21.305069,6.6,8.2,7.3,6.3,7.5,1,5.5,0
STD10364,SCH1047,North Eastern,Female,18,2025-01-07 06:00:21.305069,4.0,6.3,6.8,7.4,9.4,1,2.7,1
STD10365,SCH1269,Rift Valley,Female,19,2024-09-10 06:00:21.305069,5.7,6.8,5.7,6.9,7.8,1,5.3,0
STD10366,SCH1370,North Eastern,Male,15,2025-04-27 06:00:21.305069,7.3,9.5,5.7,8.2,9.8,1,5.5,0
STD10367,SCH1636,Nairobi,Female,15,2024-06-07 06:00:21.305069,10.0,8.2,2.5,4.6,7.1,1,8.5,0
STD10368,SCH1106,Central,Female,14,2024-08-20 06:00:21.305069,6.2,6.1,2.1,8.1,4.6,0,7.9,0
STD10369,SCH1120,Nairobi,Female,14,2025-07-11 06:00:21.305069,4.0,5.2,5.1,8.2,7.9,1,4.0,1
STD10370,SCH1604,Eastern,Male,13,2025-02-16 06:00:21.305069,4.4,8.0,4.2,8.5,8.8,1,5.5,0
STD10371,SCH1058,Western,Male,19,2025-05-27 06:00:21.305069,6.4,7.5,6.7,4.6,7.2,0,5.3,0
STD10372,SCH1346,Coast,Female,18,2025-03-07 06:00:21.305069,8.3,6.8,5.9,4.8,9.0,1,5.4,0
STD10373,SCH1474,Central,Male,19,2024-02-20 06:00:21.305069,7.5,5.4,4.0,6.5,6.3,1,6.8,0
STD10374,SCH1117,Nairobi,Male,15,2024-11-04 06:00:21.305069,7.2,5.9,5.8,5.0,7.4,1,5.7,0
STD10375,SCH1127,Nyanza,Female,13,2025-03-09 06:00:21.305069,8.5,5.7,4.7,4.3,6.2,1,5.4,0
STD10376,SCH1393,Central,Male,16,2024-08-14 06:00:21.305069,5.4,5.4,9.6,6.4,10.0,1,2.0,1
STD10377,SCH1058,Western,Female,13,2023-12-18 06:00:21.305069,6.5,4.9,6.3,7.4,7.9,1,5.1,0
STD10378,SCH1634,North Eastern,Female,17,2024-02-21 06:00:21.305069,5.7,6.5,2.4,10.0,4.6,1,7.0,0
STD10379,SCH1513,Central,Female,13,2025-06-27 06:00:21.305069,6.1,4.8,9.1,7.8,9.6,0,3.1,1
STD10380,SCH1096,North Eastern,Male,19,2024-10-10 06:00:21.305069,5.0,6.3,4.2,9.6,5.3,0,6.6,0
STD10381,SCH1638,Western,Female,17,2025-05-04 06:00:21.305069,6.0,2.2,3.6,6.9,6.5,1,5.1,0
STD10382,SCH1118,Nairobi,Male,17,2024-04-25 06:00:21.305069,6.5,4.9,9.8,7.8,7.3,1,3.7,1
STD10383,SCH1560,Western,Male,17,2025-04-27 06:00:21.305069,5.9,8.0,6.2,6.8,7.4,0,4.8,1
STD10384,SCH1601,Central,Female,16,2025-02-16 06:00:21.305069,6.3,4.4,6.9,10.0,7.3,1,6.3,0
STD10385,SCH1488,Nyanza,Male,13,2024-07-17 06:00:21.305069,7.1,7.1,7.0,6.0,4.6,0,7.2,0
STD10386,SCH1237,Rift Valley,Male,19,2023-11-17 06:00:21.305069,8.4,4.5,5.1,6.2,7.3,1,3.9,1
STD10387,SCH1272,Central,Female,13,2025-01-28 06:00:21.305069,8.5,7.4,4.4,8.2,8.4,0,5.7,0
STD10388,SCH1189,Western,Male,16,2023-10-19 06:00:21.305069,7.6,5.5,4.7,7.3,8.3,0,4.4,1
STD10389,SCH1447,Rift Valley,Male,15,2025-06-09 06:00:21.305069,4.6,5.4,8.7,6.4,4.3,0,4.6,1
STD10390,SCH1581,Western,Female,14,2025-01-10 06:00:21.305069,6.0,6.1,5.9,8.4,5.4,1,7.4,0
STD10391,SCH1247,Nyanza,Female,19,2024-01-03 06:00:21.305069,6.1,3.6,8.1,6.9,4.7,1,3.1,1
STD10392,SCH1076,Western,Female,19,2025-07-15 06:00:21.305069,5.5,7.7,5.3,6.9,7.1,0,5.7,0
STD10393,SCH1154,Nairobi,Male,13,2024-02-18 06:00:21.305069,7.0,8.3,4.0,7.3,3.9,1,6.7,0
STD10394,SCH1435,Coast,Male,14,2024-03-09 06:00:21.305069,4.1,5.4,2.6,4.4,4.6,0,6.7,0
STD10395,SCH1086,North Eastern,Male,18,2024-03-18 06:00:21.305069,9.0,6.9,6.8,4.6,5.4,1,6.6,0
STD10396,SCH1285,North Eastern,Male,18,2024-04-29 06:00:21.305069,8.3,7.4,8.9,8.6,3.4,1,5.4,0
STD10397,SCH1220,Central,Female,16,2023-12-30 06:00:21.305069,7.2,5.8,3.7,6.0,6.5,1,3.5,1
STD10398,SCH1069,Coast,Male,18,2025-03-12 06:00:21.305069,6.4,4.0,6.5,6.8,2.9,1,5.8,0
STD10399,SCH1047,Western,Male,19,2023-11-13 06:00:21.305069,8.3,8.9,2.7,9.4,7.3,0,7.6,0
STD10400,SCH1094,Nyanza,Female,18,2024-03-11 06:00:21.305069,7.5,5.3,4.4,6.9,5.8,1,6.6,0
STD10401,SCH1453,Central,Female,15,2023-12-24 06:00:21.305069,8.2,4.9,6.0,6.7,5.4,1,5.6,0
STD10402,SCH1204,Western,Female,15,2023-08-20 06:00:21.305069,6.4,8.9,2.0,8.3,5.7,1,6.0,0
STD10403,SCH1218,Rift Valley,Male,15,2023-12-16 06:00:21.305069,9.2,7.1,5.5,6.1,6.4,0,5.5,0
STD10404,SCH1474,Eastern,Male,18,2024-09-05 06:00:21.305069,8.3,6.5,3.8,8.8,7.5,1,6.3,0
STD10405,SCH1432,Western,Male,16,2025-04-22 06:00:21.305069,7.3,4.3,6.7,8.3,8.7,1,3.4,1
STD10406,SCH1341,Coast,Male,17,2023-09-24 06:00:21.305069,8.4,7.4,5.2,9.7,8.2,1,6.8,0
STD10407,SCH1551,Central,Female,17,2024-07-23 06:00:21.305069,5.9,10.0,7.4,6.0,10.0,0,5.6,0
STD10408,SCH1612,Coast,Female,14,2025-05-23 06:00:21.305069,4.7,7.6,4.9,9.1,7.6,1,7.6,0
STD10409,SCH1289,Central,Female,17,2025-07-31 06:00:21.305069,7.0,6.9,2.8,7.8,6.7,1,7.2,0
STD10410,SCH1254,Western,Female,17,2023-09-07 06:00:21.305069,6.4,7.3,2.5,5.0,5.7,1,8.0,0
STD10411,SCH1357,Nairobi,Male,15,2024-04-15 06:00:21.305069,6.2,5.4,1.7,3.1,5.8,0,4.9,1
STD10412,SCH1023,Rift Valley,Female,15,2024-11-14 06:00:21.305069,8.3,5.4,6.8,5.8,7.4,1,5.9,0
STD10413,SCH1522,Western,Male,18,2025-04-29 06:00:21.305069,6.8,5.4,10.0,7.4,4.8,1,3.6,1
STD10414,SCH1100,North Eastern,Female,14,2024-06-15 06:00:21.305069,6.9,5.0,6.4,7.7,6.9,1,3.7,1
STD10415,SCH1180,Coast,Female,13,2025-04-04 06:00:21.305069,6.0,5.4,8.8,6.9,6.5,0,2.7,1
STD10416,SCH1223,Eastern,Male,19,2025-04-03 06:00:21.305069,7.8,5.4,7.8,6.9,5.3,0,2.1,1
STD10417,SCH1442,Eastern,Male,14,2023-10-25 06:00:21.305069,7.6,5.6,4.5,6.8,4.7,1,6.9,0
STD10418,SCH1608,Nyanza,Other,14,2023-12-24 06:00:21.305069,7.8,5.5,8.0,8.5,10.0,1,2.8,1
STD10419,SCH1325,Central,Male,16,2024-02-29 06:00:21.305069,5.8,6.4,4.5,4.8,4.1,1,7.0,0
STD10420,SCH1516,Coast,Male,18,2024-01-04 06:00:21.305069,8.5,6.1,4.6,7.4,6.4,0,6.1,0
STD10421,SCH1016,Nyanza,Male,16,2024-11-03 06:00:21.305069,9.3,6.3,5.1,5.8,8.6,1,4.0,1
STD10422,SCH1336,Coast,Female,14,2024-05-26 06:00:21.305069,7.8,8.7,5.2,5.6,7.4,1,5.2,0
STD10423,SCH1258,North Eastern,Female,14,2024-06-24 06:00:21.305069,5.3,6.1,6.8,8.8,5.7,1,5.2,0
STD10424,SCH1497,Central,Female,14,2025-02-02 06:00:21.305069,5.3,10.0,4.2,5.5,4.5,1,5.1,0
STD10425,SCH1160,Western,Male,17,2025-06-12 06:00:21.305069,5.9,6.6,7.3,6.8,6.7,1,5.3,0
STD10426,SCH1475,Western,Female,19,2024-05-20 06:00:21.305069,5.7,5.2,7.2,9.9,2.0,1,4.0,1
STD10427,SCH1380,Eastern,Male,19,2023-10-17 06:00:21.305069,6.4,8.4,6.2,8.3,6.8,1,5.4,0
STD10428,SCH1545,Western,Female,16,2024-07-01 06:00:21.305069,7.4,5.9,9.4,6.3,6.6,0,4.3,1
STD10429,SCH1427,Western,Female,14,2023-10-08 06:00:21.305069,6.9,1.7,8.1,6.4,8.3,0,2.7,1
STD10430,SCH1613,North Eastern,Male,19,2024-01-17 06:00:21.305069,6.8,6.0,7.6,5.2,4.6,1,5.5,0
STD10431,SCH1268,Nairobi,Male,15,2024-06-23 06:00:21.305069,6.1,5.6,5.6,9.0,6.0,1,4.0,1
STD10432,SCH1577,Eastern,Male,19,2025-02-11 06:00:21.305069,6.4,8.9,6.2,8.5,7.2,0,6.0,0
STD10433,SCH1417,Nyanza,Male,18,2025-03-06 06:00:21.305069,7.7,4.4,6.5,8.0,6.8,0,5.9,0
STD10434,SCH1168,Rift Valley,Male,18,2024-09-09 06:00:21.305069,3.5,5.4,5.5,8.2,4.2,1,4.4,1
STD10435,SCH1043,Nairobi,Female,19,2025-02-15 06:00:21.305069,6.5,8.3,4.7,5.8,5.4,1,6.7,0
STD10436,SCH1556,Nyanza,Female,15,2025-04-30 06:00:21.305069,6.9,6.7,1.0,4.7,8.9,1,6.2,0
STD10437,SCH1285,Central,Male,18,2024-02-10 06:00:21.305069,7.7,5.7,6.9,7.8,6.9,1,6.4,0
STD10438,SCH1397,Nairobi,Male,17,2024-08-13 06:00:21.305069,5.0,4.6,7.6,8.3,3.7,1,3.9,1
STD10439,SCH1012,North Eastern,Male,19,2024-06-26 06:00:21.305069,4.9,6.6,3.2,9.4,8.0,1,4.4,1
STD10440,SCH1607,Nyanza,Female,17,2023-11-22 06:00:21.305069,7.4,5.9,6.7,6.7,3.8,0,4.6,1
STD10441,SCH1302,Central,Male,19,2024-03-17 06:00:21.305069,3.6,4.6,4.3,6.5,6.0,1,4.3,1
STD10442,SCH1253,Eastern,Female,13,2024-01-01 06:00:21.305069,8.5,4.7,4.8,6.6,7.5,1,3.6,1
STD10443,SCH1499,Rift Valley,Female,13,2023-08-23 06:00:21.305069,6.8,4.5,8.1,8.0,8.6,0,3.1,1
STD10444,SCH1035,Central,Female,13,2023-12-04 06:00:21.305069,8.8,4.2,3.5,6.6,2.5,1,6.6,0
STD10445,SCH1090,Western,Female,18,2025-02-14 06:00:21.305069,4.9,7.7,3.5,6.9,7.7,1,4.9,1
STD10446,SCH1605,Coast,Male,17,2023-09-25 06:00:21.305069,5.8,7.4,9.1,8.2,8.0,1,4.8,1
STD10447,SCH1602,Central,Female,17,2025-06-09 06:00:21.305069,2.9,7.7,5.2,6.1,5.6,1,5.6,0
STD10448,SCH1418,Central,Male,17,2024-10-15 06:00:21.305069,5.3,6.0,8.0,9.1,6.7,1,4.9,1
STD10449,SCH1115,Rift Valley,Male,15,2025-05-08 06:00:21.305069,6.2,5.6,2.3,7.9,1.3,1,5.6,0
STD10450,SCH1617,Coast,Female,17,2024-05-04 06:00:21.305069,3.6,5.6,2.5,4.2,1.8,1,5.5,0
STD10451,SCH1196,Western,Female,15,2024-10-16 06:00:21.305069,5.9,7.8,3.7,6.2,8.4,0,6.0,0
STD10452,SCH1501,Nyanza,Female,13,2023-11-12 06:00:21.305069,3.5,2.7,4.5,4.0,5.6,1,2.3,1
STD10453,SCH1626,Nyanza,Male,13,2024-11-24 06:00:21.305069,6.1,5.1,2.7,6.7,5.9,1,6.0,0
STD10454,SCH1493,Central,Male,18,2023-11-01 06:00:21.305069,8.2,4.4,6.2,6.3,6.9,0,4.9,1
STD10455,SCH1075,North Eastern,Female,19,2024-11-30 06:00:21.305069,6.4,8.4,6.4,8.3,5.9,0,6.2,0
STD10456,SCH1413,North Eastern,Male,13,2024-10-04 06:00:21.305069,9.0,5.1,3.7,5.7,5.7,1,5.0,0
STD10457,SCH1376,Coast,Female,19,2025-08-12 06:00:21.305069,7.7,3.1,3.9,7.6,7.2,1,4.8,1
STD10458,SCH1420,Coast,Female,19,2024-11-16 06:00:21.305069,8.5,6.4,4.1,7.9,4.0,0,9.1,0
STD10459,SCH1277,Western,Female,18,2024-05-28 06:00:21.305069,5.4,5.3,3.2,7.4,8.5,0,4.5,1
STD10460,SCH1394,Rift Valley,Male,14,2024-04-12 06:00:21.305069,5.3,5.0,1.0,8.7,6.1,1,7.4,0
STD10461,SCH1457,Eastern,Male,14,2025-06-24 06:00:21.305069,7.0,4.8,5.3,10.0,4.8,0,5.9,0
STD10462,SCH1192,Nyanza,Male,16,2025-04-07 06:00:21.305069,4.1,4.7,4.6,7.2,4.6,1,3.8,1
STD10463,SCH1099,Rift Valley,Female,18,2025-05-31 06:00:21.305069,7.2,7.3,4.8,7.6,6.6,1,6.0,0
STD10464,SCH1548,Nairobi,Male,16,2025-06-19 06:00:21.305069,6.0,6.4,3.5,5.7,6.0,1,5.7,0
STD10465,SCH1096,Nyanza,Female,16,2025-02-25 06:00:21.305069,8.5,5.6,7.1,5.5,3.9,1,6.1,0
STD10466,SCH1190,Rift Valley,Male,14,2024-08-23 06:00:21.305069,7.5,4.0,10.0,8.6,5.5,0,6.3,0
STD10467,SCH1037,Nyanza,Other,18,2024-12-24 06:00:21.305069,8.1,5.7,3.8,8.4,5.1,1,6.7,0
STD10468,SCH1369,Eastern,Male,14,2025-05-02 06:00:21.305069,5.4,6.5,8.3,5.5,8.6,0,2.1,1
STD10469,SCH1525,Nairobi,Male,16,2023-10-01 06:00:21.305069,8.1,6.5,6.2,5.0,6.7,1,3.5,1
STD10470,SCH1279,North Eastern,Male,18,2024-09-21 06:00:21.305069,8.7,6.3,5.6,6.0,9.2,1,4.8,1
STD10471,SCH1217,North Eastern,Female,16,2024-04-20 06:00:21.305069,6.4,4.3,4.8,6.8,5.3,0,3.7,1
STD10472,SCH1273,Eastern,Female,17,2025-04-24 06:00:21.305069,5.4,1.7,5.3,6.4,6.0,1,3.6,1
STD10473,SCH1062,Western,Female,19,2025-04-05 06:00:21.305069,5.4,9.2,7.8,7.2,7.2,1,6.0,0
STD10474,SCH1596,Nairobi,Male,18,2024-11-09 06:00:21.305069,8.4,3.6,3.2,8.4,7.5,1,5.4,0
STD10475,SCH1342,Central,Male,18,2024-12-14 06:00:21.305069,10.0,2.5,4.9,7.7,7.7,1,5.6,0
STD10476,SCH1397,Rift Valley,Female,19,2025-05-24 06:00:21.305069,5.0,6.2,8.0,7.8,5.0,1,4.6,1
STD10477,SCH1019,Nairobi,Male,16,2025-04-28 06:00:21.305069,4.9,2.9,7.5,3.3,5.0,1,4.3,1
STD10478,SCH1177,Western,Male,17,2023-09-04 06:00:21.305069,7.9,4.6,3.3,4.6,5.9,1,6.0,0
STD10479,SCH1612,Western,Other,15,2025-04-14 06:00:21.305069,5.4,7.0,5.1,5.8,9.0,1,5.5,0
STD10480,SCH1396,Eastern,Other,19,2025-06-09 06:00:21.305069,8.0,9.2,7.0,6.1,4.8,1,5.2,0
STD10481,SCH1445,Nyanza,Female,14,2024-06-01 06:00:21.305069,7.2,6.7,6.8,8.3,5.6,0,4.5,1
STD10482,SCH1233,Nairobi,Female,16,2024-10-04 06:00:21.305069,6.5,5.2,7.5,5.7,7.7,1,4.2,1
STD10483,SCH1076,Rift Valley,Male,19,2025-08-07 06:00:21.305069,7.2,5.9,6.3,8.0,7.6,1,3.5,1
STD10484,SCH1265,Nairobi,Male,19,2025-05-16 06:00:21.305069,7.1,2.7,6.6,5.8,7.4,1,2.6,1
STD10485,SCH1455,Coast,Female,18,2024-04-08 06:00:21.305069,6.2,5.2,6.2,5.2,6.6,1,5.4,0
STD10486,SCH1384,Nyanza,Female,14,2024-10-06 06:00:21.305069,3.9,5.2,8.7,5.3,4.7,1,2.4,1
STD10487,SCH1564,Rift Valley,Male,14,2024-12-28 06:00:21.305069,6.8,6.3,4.7,10.0,5.3,1,5.3,0
STD10488,SCH1506,North Eastern,Male,14,2025-05-12 06:00:21.305069,8.9,9.5,5.6,5.8,8.4,1,7.4,0
STD10489,SCH1367,Rift Valley,Male,19,2025-05-28 06:00:21.305069,4.1,2.5,3.5,8.0,7.8,0,5.7,0
STD10490,SCH1144,Central,Female,15,2023-12-10 06:00:21.305069,5.1,5.3,3.1,4.7,4.2,0,4.3,1
STD10491,SCH1069,Eastern,Female,13,2025-06-21 06:00:21.305069,7.1,2.7,6.1,9.1,8.0,1,5.2,0
STD10492,SCH1099,Central,Female,16,2025-07-30 06:00:21.305069,6.6,5.1,4.1,7.5,8.7,1,4.0,1
STD10493,SCH1396,Rift Valley,Male,13,2024-04-07 06:00:21.305069,7.1,4.4,5.4,7.4,6.6,1,4.7,1
STD10494,SCH1025,Nyanza,Other,19,2025-02-07 06:00:21.305069,5.5,3.3,8.7,7.6,7.2,0,2.6,1
STD10495,SCH1469,Nairobi,Female,13,2023-08-28 06:00:21.305069,8.2,7.6,8.6,7.8,8.2,0,4.4,1
STD10496,SCH1484,North Eastern,Male,19,2024-03-10 06:00:21.305069,6.6,6.5,9.9,8.2,5.3,0,5.4,0
STD10497,SCH1565,Nairobi,Male,13,2025-06-26 06:00:21.305069,7.5,7.4,8.8,6.1,10.0,1,2.6,1
STD10498,SCH1151,Nyanza,Male,14,2024-04-20 06:00:21.305069,7.0,5.0,10.0,6.0,8.6,1,3.1,1
STD10499,SCH1144,Rift Valley,Male,17,2025-02-26 06:00:21.305069,6.8,5.9,6.4,7.1,7.4,0,5.9,0
STD10500,SCH1569,Western,Female,14,2023-12-22 06:00:21.305069,7.4,8.9,3.7,8.0,6.4,1,8.3,0
STD10501,SCH1039,Nairobi,Male,14,2024-01-11 06:00:21.305069,6.8,6.0,3.5,6.9,7.3,1,6.2,0
STD10502,SCH1109,Western,Female,18,2023-12-13 06:00:21.305069,4.7,7.5,8.3,8.2,3.8,0,6.8,0
STD10503,SCH1042,Nairobi,Male,18,2024-09-02 06:00:21.305069,8.1,4.9,5.6,7.9,10.0,1,4.4,1
STD10504,SCH1186,Nairobi,Male,13,2024-10-02 06:00:21.305069,7.7,7.3,5.8,6.7,8.4,1,4.0,1
STD10505,SCH1398,North Eastern,Male,19,2025-06-11 06:00:21.305069,3.3,5.0,4.4,4.4,9.0,0,3.2,1
STD10506,SCH1223,Eastern,Male,14,2025-03-23 06:00:21.305069,5.5,2.6,4.6,6.2,6.6,0,3.4,1
STD10507,SCH1634,Eastern,Female,13,2024-08-14 06:00:21.305069,8.1,6.0,6.3,9.6,5.9,1,3.9,1
STD10508,SCH1133,Coast,Female,18,2025-01-07 06:00:21.305069,3.8,5.2,3.4,7.5,5.4,1,3.8,1
STD10509,SCH1163,Central,Female,17,2024-01-01 06:00:21.305069,7.9,3.1,6.0,6.0,7.9,1,2.4,1
STD10510,SCH1215,Nyanza,Female,16,2024-02-08 06:00:21.305069,6.3,6.3,8.5,7.4,5.6,1,3.7,1
STD10511,SCH1235,Nyanza,Male,13,2024-06-01 06:00:21.305069,8.5,4.4,1.2,8.0,6.2,0,6.4,0
STD10512,SCH1588,Nyanza,Male,17,2024-12-10 06:00:21.305069,6.5,10.0,2.4,6.0,7.4,1,7.1,0
STD10513,SCH1009,Coast,Male,16,2023-09-05 06:00:21.305069,5.4,3.4,6.9,8.9,5.4,1,3.1,1
STD10514,SCH1074,Eastern,Female,15,2024-02-28 06:00:21.305069,7.0,3.8,8.2,7.7,8.3,1,2.0,1
STD10515,SCH1492,Rift Valley,Male,13,2024-07-12 06:00:21.305069,6.5,7.6,4.5,5.4,6.5,1,6.2,0
STD10516,SCH1253,Western,Male,13,2024-02-08 06:00:21.305069,5.3,5.8,1.5,8.3,3.9,1,6.9,0
STD10517,SCH1230,North Eastern,Female,15,2024-11-08 06:00:21.305069,9.8,7.5,8.4,6.4,5.4,1,6.3,0
STD10518,SCH1519,Western,Male,15,2024-08-05 06:00:21.305069,5.0,6.7,3.9,6.7,8.7,1,6.9,0
STD10519,SCH1174,Rift Valley,Male,13,2024-12-28 06:00:21.305069,3.1,5.0,4.8,5.5,4.9,1,4.1,1
STD10520,SCH1168,North Eastern,Male,15,2024-01-05 06:00:21.305069,8.9,3.5,6.1,7.9,8.0,0,4.2,1
STD10521,SCH1170,Coast,Female,14,2023-11-18 06:00:21.305069,5.6,7.9,4.2,6.8,6.7,1,6.0,0
STD10522,SCH1393,Rift Valley,Female,16,2024-04-12 06:00:21.305069,6.1,3.7,3.7,8.0,6.2,1,5.0,0
STD10523,SCH1634,Nyanza,Female,16,2024-03-09 06:00:21.305069,6.0,7.0,3.8,6.2,10.0,1,5.7,0
STD10524,SCH1194,Central,Male,16,2025-02-27 06:00:21.305069,5.6,7.7,9.2,6.0,4.3,1,4.7,1
STD10525,SCH1517,Nairobi,Other,14,2024-10-23 06:00:21.305069,5.4,5.8,7.8,5.9,5.2,0,2.0,1
STD10526,SCH1029,Western,Female,19,2024-04-18 06:00:21.305069,5.0,5.5,6.6,7.6,6.5,0,3.8,1
STD10527,SCH1165,Eastern,Male,15,2024-06-29 06:00:21.305069,6.6,4.2,1.1,6.0,10.0,0,4.9,1
STD10528,SCH1422,Eastern,Female,17,2024-06-07 06:00:21.305069,5.9,6.8,6.7,6.7,6.5,1,6.3,0
STD10529,SCH1339,Coast,Male,15,2025-05-18 06:00:21.305069,7.6,1.0,6.5,6.2,7.0,1,2.0,1
STD10530,SCH1496,North Eastern,Female,13,2024-05-25 06:00:21.305069,7.2,7.3,2.9,7.7,5.9,0,5.3,0
STD10531,SCH1365,Eastern,Female,18,2023-09-03 06:00:21.305069,5.1,6.2,6.0,4.4,7.1,0,4.1,1
STD10532,SCH1342,Nyanza,Male,16,2023-10-27 06:00:21.305069,6.7,5.6,7.6,7.4,6.0,1,5.5,0
STD10533,SCH1500,Western,Other,15,2024-05-12 06:00:21.305069,5.9,6.4,6.6,9.6,7.7,0,4.7,1
STD10534,SCH1511,Rift Valley,Female,17,2024-07-07 06:00:21.305069,5.0,3.5,4.1,8.9,7.8,1,6.7,0
STD10535,SCH1327,Nyanza,Female,13,2024-06-17 06:00:21.305069,7.5,1.7,5.5,6.1,6.1,1,5.8,0
STD10536,SCH1217,Coast,Male,14,2024-11-10 06:00:21.305069,6.3,6.8,7.0,7.7,4.6,0,5.5,0
STD10537,SCH1301,Nyanza,Male,19,2023-08-24 06:00:21.305069,5.9,8.4,5.6,7.5,6.7,0,6.2,0
STD10538,SCH1132,Rift Valley,Male,14,2024-06-26 06:00:21.305069,5.2,2.9,8.0,9.2,8.9,0,4.1,1
STD10539,SCH1070,Central,Female,17,2023-11-28 06:00:21.305069,5.0,4.1,6.3,3.2,5.1,1,3.1,1
STD10540,SCH1252,Coast,Male,13,2024-02-26 06:00:21.305069,9.5,7.4,7.0,8.7,7.1,0,5.6,0
STD10541,SCH1415,Central,Female,16,2025-03-13 06:00:21.305069,7.0,6.6,7.1,6.6,4.5,1,6.4,0
STD10542,SCH1445,Nairobi,Female,15,2025-01-27 06:00:21.305069,4.9,10.0,3.4,5.9,4.7,1,7.7,0
STD10543,SCH1182,Central,Male,13,2024-02-04 06:00:21.305069,6.9,7.9,5.6,5.8,8.7,0,4.6,1
STD10544,SCH1167,Nairobi,Female,19,2025-02-04 06:00:21.305069,8.1,7.5,4.8,5.1,7.7,0,6.2,0
STD10545,SCH1091,Nairobi,Male,14,2024-04-24 06:00:21.305069,6.8,4.6,7.6,6.1,7.1,1,3.6,1
STD10546,SCH1531,Central,Other,19,2024-09-07 06:00:21.305069,8.6,6.9,6.4,5.4,2.6,1,6.0,0
STD10547,SCH1039,Coast,Female,19,2024-03-11 06:00:21.305069,4.2,8.7,5.1,7.3,5.6,1,5.1,0
STD10548,SCH1126,North Eastern,Male,17,2025-02-08 06:00:21.305069,3.5,5.7,2.9,7.9,7.5,0,5.0,0
STD10549,SCH1451,Rift Valley,Male,17,2025-05-07 06:00:21.305069,6.9,5.8,2.3,6.6,4.0,0,6.4,0
STD10550,SCH1173,Nyanza,Male,15,2024-10-06 06:00:21.305069,6.9,6.3,6.1,9.2,5.9,0,6.1,0
STD10551,SCH1220,Nyanza,Female,17,2024-08-31 06:00:21.305069,1.5,4.8,4.1,6.2,7.8,1,4.0,1
STD10552,SCH1638,Rift Valley,Female,17,2024-01-08 06:00:21.305069,5.6,6.5,6.8,6.5,3.9,1,5.4,0
STD10553,SCH1058,Western,Female,13,2023-09-11 06:00:21.305069,5.0,6.4,2.2,6.3,3.6,1,6.7,0
STD10554,SCH1476,Western,Male,16,2025-06-15 06:00:21.305069,4.4,8.7,8.7,7.9,4.0,1,4.8,1
STD10555,SCH1456,Nairobi,Male,15,2023-10-29 06:00:21.305069,5.0,5.7,6.8,8.0,7.1,0,5.5,0
STD10556,SCH1361,Nairobi,Male,13,2025-05-10 06:00:21.305069,7.4,7.2,5.7,7.7,5.6,1,5.4,0
STD10557,SCH1001,Coast,Female,16,2023-11-18 06:00:21.305069,5.0,5.7,8.9,6.8,8.0,1,1.5,1
STD10558,SCH1387,Eastern,Female,19,2025-01-03 06:00:21.305069,5.0,7.2,7.4,5.0,6.7,1,3.0,1
STD10559,SCH1348,Central,Male,13,2025-04-06 06:00:21.305069,4.1,5.5,4.5,6.5,9.7,1,4.9,1
STD10560,SCH1190,Nairobi,Male,18,2024-07-18 06:00:21.305069,8.4,7.0,5.7,9.2,4.4,1,7.6,0
STD10561,SCH1505,Nyanza,Female,13,2024-10-15 06:00:21.305069,7.2,7.3,1.6,8.5,7.1,1,8.8,0
STD10562,SCH1191,Coast,Female,17,2024-12-28 06:00:21.305069,2.8,4.1,7.6,7.4,5.1,1,1.5,1
STD10563,SCH1508,Central,Female,16,2024-08-15 06:00:21.305069,5.0,8.0,4.9,6.4,7.5,0,7.9,0
STD10564,SCH1369,Coast,Female,15,2025-05-08 06:00:21.305069,7.3,5.7,1.5,7.0,6.7,1,6.2,0
STD10565,SCH1409,Central,Male,15,2024-03-03 06:00:21.305069,8.4,5.2,3.1,6.4,4.8,0,4.6,1
STD10566,SCH1117,Central,Male,16,2025-08-04 06:00:21.305069,7.8,4.7,7.2,8.8,6.2,1,7.3,0
STD10567,SCH1134,Rift Valley,Female,17,2024-10-03 06:00:21.305069,6.0,6.5,8.7,5.7,6.6,0,2.6,1
STD10568,SCH1058,Nairobi,Female,14,2024-07-21 06:00:21.305069,3.6,6.0,5.5,8.4,5.5,1,4.4,1
STD10569,SCH1556,North Eastern,Male,13,2025-06-06 06:00:21.305069,7.8,6.7,3.5,6.2,7.7,1,5.9,0
STD10570,SCH1173,Coast,Female,17,2024-10-19 06:00:21.305069,6.1,6.7,2.7,9.0,4.7,1,7.5,0
STD10571,SCH1149,North Eastern,Female,18,2024-01-03 06:00:21.305069,6.6,7.1,8.3,7.6,10.0,0,3.4,1
STD10572,SCH1080,Coast,Female,19,2025-07-10 06:00:21.305069,6.2,10.0,6.4,5.9,8.1,0,7.0,0
STD10573,SCH1213,Rift Valley,Female,16,2025-02-09 06:00:21.305069,4.5,6.1,4.8,6.5,7.1,1,5.4,0
STD10574,SCH1203,Nyanza,Male,13,2023-10-13 06:00:21.305069,7.0,4.7,4.4,8.1,10.0,1,4.7,1
STD10575,SCH1229,North Eastern,Female,15,2024-04-05 06:00:21.305069,6.8,2.4,6.8,6.3,6.0,1,4.7,1
STD10576,SCH1227,Nyanza,Female,19,2025-06-05 06:00:21.305069,5.9,3.8,6.8,7.0,7.5,1,3.4,1
STD10577,SCH1532,Western,Female,14,2024-10-25 06:00:21.305069,7.2,8.2,3.7,6.2,6.9,1,6.4,0
STD10578,SCH1441,Nairobi,Female,18,2024-09-04 06:00:21.305069,4.4,7.3,3.2,9.6,7.9,1,8.2,0
STD10579,SCH1402,Nairobi,Female,15,2025-02-27 06:00:21.305069,6.1,3.6,3.3,9.9,9.0,1,5.1,0
STD10580,SCH1047,Eastern,Male,16,2024-02-27 06:00:21.305069,6.5,10.0,4.6,9.2,7.4,1,6.4,0
STD10581,SCH1233,Rift Valley,Female,13,2025-05-26 06:00:21.305069,3.9,6.6,4.1,6.8,8.3,1,3.8,1
STD10582,SCH1305,Nyanza,Female,16,2025-02-01 06:00:21.305069,6.4,6.8,8.7,6.4,5.6,0,4.6,1
STD10583,SCH1526,Central,Female,19,2025-01-16 06:00:21.305069,7.6,10.0,4.5,5.8,6.1,0,4.9,1
STD10584,SCH1143,Coast,Female,13,2025-08-02 06:00:21.305069,6.0,9.1,3.0,9.3,9.3,1,6.4,0
STD10585,SCH1415,Nairobi,Female,17,2024-02-18 06:00:21.305069,6.4,7.4,3.1,8.4,7.5,0,6.5,0
STD10586,SCH1513,North Eastern,Male,14,2024-06-04 06:00:21.305069,7.3,7.5,5.1,8.5,6.9,1,6.3,0
STD10587,SCH1373,Coast,Female,17,2024-07-17 06:00:21.305069,5.9,7.7,1.9,6.6,5.2,1,5.7,0
STD10588,SCH1566,Coast,Male,17,2023-12-11 06:00:21.305069,6.1,5.6,5.4,4.4,8.1,1,3.5,1
STD10589,SCH1259,Eastern,Male,16,2023-10-05 06:00:21.305069,4.7,6.5,2.8,4.7,5.2,1,6.7,0
STD10590,SCH1471,Nyanza,Female,19,2025-07-02 06:00:21.305069,6.5,7.0,7.8,7.1,4.7,0,6.3,0
STD10591,SCH1012,Nairobi,Female,14,2023-11-07 06:00:21.305069,6.0,5.8,5.7,6.2,6.7,0,4.8,1
STD10592,SCH1330,Coast,Male,13,2024-07-15 06:00:21.305069,7.2,4.3,9.7,6.0,2.4,1,4.0,1
STD10593,SCH1358,Nairobi,Male,13,2025-02-24 06:00:21.305069,7.3,5.5,5.0,7.5,7.5,0,5.1,0
STD10594,SCH1408,Central,Female,18,2024-07-17 06:00:21.305069,7.7,4.2,1.0,8.5,7.1,1,6.7,0
STD10595,SCH1373,Eastern,Male,15,2025-01-30 06:00:21.305069,5.7,6.1,8.4,5.9,5.9,1,4.1,1
STD10596,SCH1008,Central,Male,18,2024-03-25 06:00:21.305069,3.2,2.8,6.5,5.0,6.1,1,2.5,1
STD10597,SCH1122,Nairobi,Male,18,2025-05-13 06:00:21.305069,7.6,6.6,6.8,6.0,6.3,1,5.8,0
STD10598,SCH1348,Western,Male,13,2024-07-05 06:00:21.305069,7.1,3.1,3.5,5.4,5.2,1,3.5,1
STD10599,SCH1090,North Eastern,Male,16,2023-08-20 06:00:21.305069,5.5,5.3,5.4,7.9,6.8,1,4.4,1
STD10600,SCH1316,Nairobi,Male,17,2025-07-11 06:00:21.305069,7.3,6.9,5.9,7.0,6.1,0,6.0,0
STD10601,SCH1178,Nyanza,Male,19,2024-03-10 06:00:21.305069,4.3,7.4,5.0,9.8,6.7,1,4.8,1
STD10602,SCH1540,Coast,Female,17,2023-09-26 06:00:21.305069,8.0,7.2,2.0,8.1,6.2,1,6.9,0
STD10603,SCH1041,Coast,Female,17,2023-10-15 06:00:21.305069,6.0,6.6,10.0,9.7,5.9,1,4.3,1
STD10604,SCH1502,Central,Female,14,2025-03-13 06:00:21.305069,5.3,4.0,7.2,4.9,7.0,0,2.7,1
STD10605,SCH1145,North Eastern,Male,13,2025-05-22 06:00:21.305069,5.6,7.8,6.3,2.1,7.8,0,4.3,1
STD10606,SCH1201,Eastern,Male,19,2025-01-05 06:00:21.305069,6.2,4.0,8.1,7.4,5.6,1,2.8,1
STD10607,SCH1461,Western,Female,16,2025-03-11 06:00:21.305069,6.5,8.0,6.8,7.2,7.2,1,6.5,0
STD10608,SCH1558,Rift Valley,Male,14,2023-12-17 06:00:21.305069,6.6,7.1,4.1,6.8,7.4,1,5.7,0
STD10609,SCH1547,North Eastern,Female,15,2024-12-08 06:00:21.305069,5.9,8.4,8.0,7.1,4.3,1,5.9,0
STD10610,SCH1253,Coast,Female,16,2025-04-27 06:00:21.305069,6.8,6.0,7.2,5.3,8.2,1,3.7,1
STD10611,SCH1390,Nyanza,Female,18,2023-11-21 06:00:21.305069,6.5,4.5,4.2,7.8,10.0,0,4.7,1
STD10612,SCH1594,North Eastern,Male,16,2024-10-04 06:00:21.305069,5.5,3.7,7.1,8.1,6.4,1,5.4,0
STD10613,SCH1256,Central,Male,16,2024-04-08 06:00:21.305069,5.3,3.9,5.0,5.2,6.2,1,3.4,1
STD10614,SCH1450,Central,Female,17,2023-10-18 06:00:21.305069,7.4,3.1,5.9,6.5,6.1,1,3.5,1
STD10615,SCH1010,Rift Valley,Male,16,2024-04-29 06:00:21.305069,7.3,7.7,6.7,6.6,7.6,1,4.6,1
STD10616,SCH1242,Nyanza,Female,18,2025-02-28 06:00:21.305069,6.6,7.9,8.2,6.0,7.4,1,4.7,1
STD10617,SCH1251,Eastern,Female,18,2024-07-30 06:00:21.305069,7.9,7.0,4.2,5.3,3.8,1,6.6,0
STD10618,SCH1005,North Eastern,Other,13,2025-06-18 06:00:21.305069,3.6,5.9,6.2,7.0,5.0,0,4.4,1
STD10619,SCH1119,Nyanza,Male,16,2023-12-19 06:00:21.305069,5.7,9.7,9.5,7.4,7.4,1,5.6,0
STD10620,SCH1374,Eastern,Female,17,2024-12-11 06:00:21.305069,4.8,5.8,5.1,6.1,6.3,1,4.9,1
STD10621,SCH1065,Nyanza,Female,16,2024-06-29 06:00:21.305069,9.9,6.4,5.9,5.4,4.5,1,6.4,0
STD10622,SCH1146,Nyanza,Male,15,2025-01-02 06:00:21.305069,7.6,5.9,9.5,7.6,9.1,1,5.9,0
STD10623,SCH1224,Nairobi,Male,15,2025-08-05 06:00:21.305069,6.4,5.4,6.8,5.8,5.1,0,5.3,0
STD10624,SCH1239,Central,Female,17,2023-10-04 06:00:21.305069,7.7,7.1,2.6,6.5,6.6,0,5.7,0
STD10625,SCH1177,North Eastern,Male,13,2024-09-29 06:00:21.305069,8.2,4.9,3.9,6.3,6.2,1,4.0,1
STD10626,SCH1282,Nyanza,Male,13,2023-12-31 06:00:21.305069,8.2,4.7,6.9,8.9,4.7,1,4.8,1
STD10627,SCH1063,North Eastern,Male,18,2024-03-05 06:00:21.305069,7.9,7.2,6.3,5.9,6.8,1,5.8,0
STD10628,SCH1217,Rift Valley,Female,18,2024-04-23 06:00:21.305069,6.1,5.1,5.8,9.6,7.2,1,4.2,1
STD10629,SCH1461,Nyanza,Female,14,2024-06-26 06:00:21.305069,5.7,6.2,9.8,8.1,5.7,1,3.4,1
STD10630,SCH1610,Coast,Female,17,2024-08-19 06:00:21.305069,5.1,5.4,4.3,9.7,5.9,0,5.6,0
STD10631,SCH1105,Central,Male,16,2024-10-19 06:00:21.305069,7.3,6.0,5.4,8.0,7.5,1,5.1,0
STD10632,SCH1099,Coast,Male,19,2024-12-09 06:00:21.305069,6.3,4.8,1.6,6.7,3.1,1,4.3,1
STD10633,SCH1511,North Eastern,Female,17,2024-06-26 06:00:21.305069,5.9,4.8,7.8,5.6,5.1,1,4.9,1
STD10634,SCH1385,North Eastern,Female,14,2024-12-29 06:00:21.305069,5.8,4.5,3.9,6.5,6.9,0,5.6,0
STD10635,SCH1405,Central,Male,18,2025-08-07 06:00:21.305069,8.7,7.5,7.6,9.2,5.6,1,5.2,0
STD10636,SCH1518,North Eastern,Female,17,2024-08-06 06:00:21.305069,7.9,6.3,7.4,6.9,5.6,0,5.4,0
STD10637,SCH1476,Coast,Other,17,2024-12-14 06:00:21.305069,9.2,7.7,10.0,8.0,8.0,1,4.1,1
STD10638,SCH1437,Nyanza,Female,18,2024-03-15 06:00:21.305069,7.3,7.8,6.8,7.3,5.4,1,5.5,0
STD10639,SCH1023,Nyanza,Female,14,2025-07-21 06:00:21.305069,6.6,5.2,4.8,7.4,9.9,0,5.0,0
STD10640,SCH1565,Nairobi,Female,18,2023-09-30 06:00:21.305069,6.5,7.6,6.4,7.4,3.5,1,7.1,0
STD10641,SCH1458,Rift Valley,Male,13,2025-02-08 06:00:21.305069,5.0,6.0,4.0,7.7,2.7,1,7.0,0
STD10642,SCH1083,North Eastern,Female,16,2025-03-10 06:00:21.305069,4.6,5.7,6.1,5.8,8.0,0,4.0,1
STD10643,SCH1145,Coast,Other,18,2025-03-22 06:00:21.305069,7.3,8.3,5.1,6.6,4.8,0,8.1,0
STD10644,SCH1085,North Eastern,Male,14,2023-11-17 06:00:21.305069,5.1,7.0,5.4,7.5,4.9,1,5.0,0
STD10645,SCH1078,North Eastern,Female,15,2024-05-08 06:00:21.305069,6.8,5.4,3.7,7.2,8.2,1,4.9,1
STD10646,SCH1457,Eastern,Female,13,2024-03-24 06:00:21.305069,8.2,6.9,6.1,6.3,5.7,1,3.2,1
STD10647,SCH1001,Nairobi,Female,15,2024-11-01 06:00:21.305069,5.5,3.7,7.1,7.6,8.0,1,3.1,1
STD10648,SCH1051,Coast,Female,19,2024-09-21 06:00:21.305069,9.5,6.4,2.2,5.8,5.5,1,8.0,0
STD10649,SCH1446,Coast,Female,18,2024-09-20 06:00:21.305069,5.0,3.3,4.1,5.2,7.1,1,3.8,1
STD10650,SCH1449,North Eastern,Female,13,2025-08-13 06:00:21.305069,8.0,4.2,5.8,7.4,5.6,1,4.4,1
STD10651,SCH1488,Nairobi,Male,16,2025-03-15 06:00:21.305069,7.1,7.1,1.0,5.2,4.9,0,8.1,0
STD10652,SCH1034,Nyanza,Female,18,2024-12-19 06:00:21.305069,8.3,1.2,9.0,7.4,9.4,1,2.0,1
STD10653,SCH1348,Coast,Male,16,2024-12-14 06:00:21.305069,4.8,9.2,4.1,4.1,8.4,1,6.3,0
STD10654,SCH1095,Nyanza,Male,17,2024-11-29 06:00:21.305069,10.0,7.5,3.6,5.9,5.3,0,8.1,0
STD10655,SCH1072,Nairobi,Male,15,2025-03-13 06:00:21.305069,6.2,2.7,5.1,6.5,6.2,0,5.3,0
STD10656,SCH1551,Nyanza,Female,13,2025-06-29 06:00:21.305069,7.5,10.0,5.8,4.6,9.0,0,6.4,0
STD10657,SCH1154,Central,Male,16,2024-11-04 06:00:21.305069,8.7,10.0,4.0,6.4,4.8,1,8.9,0
STD10658,SCH1250,Eastern,Female,14,2024-05-12 06:00:21.305069,5.6,5.7,7.5,8.8,4.9,1,4.8,1
STD10659,SCH1438,Western,Female,16,2024-05-10 06:00:21.305069,7.7,4.3,6.3,5.1,7.3,1,3.5,1
STD10660,SCH1118,Coast,Female,14,2023-10-10 06:00:21.305069,5.3,9.0,3.8,6.5,10.0,0,6.3,0
STD10661,SCH1306,Rift Valley,Male,18,2025-01-26 06:00:21.305069,8.6,5.4,4.5,9.6,6.6,0,8.0,0
STD10662,SCH1268,Eastern,Female,13,2025-01-18 06:00:21.305069,5.4,6.3,2.5,5.4,8.3,1,4.6,1
STD10663,SCH1054,Western,Female,16,2025-04-24 06:00:21.305069,6.6,8.2,3.0,9.1,4.8,1,7.5,0
STD10664,SCH1236,Nyanza,Female,19,2023-10-15 06:00:21.305069,7.0,5.7,6.3,6.6,7.1,0,4.8,1
STD10665,SCH1389,Coast,Male,16,2023-09-26 06:00:21.305069,7.7,5.6,3.8,7.2,5.9,1,6.8,0
STD10666,SCH1401,Nyanza,Male,19,2024-04-10 06:00:21.305069,9.5,3.7,9.1,8.9,9.7,1,4.1,1
STD10667,SCH1624,Central,Male,13,2024-09-06 06:00:21.305069,5.8,4.9,5.6,6.3,9.2,0,4.7,1
STD10668,SCH1303,Nairobi,Male,16,2025-04-14 06:00:21.305069,8.2,5.5,2.8,7.9,10.0,1,7.9,0
STD10669,SCH1207,Coast,Male,14,2025-08-02 06:00:21.305069,9.5,3.8,3.2,8.3,5.3,0,5.8,0
STD10670,SCH1229,Western,Female,16,2025-05-28 06:00:21.305069,6.7,3.9,7.6,6.0,6.6,1,4.2,1
STD10671,SCH1578,Western,Male,15,2024-06-12 06:00:21.305069,5.7,6.1,5.3,5.9,7.1,1,5.0,0
STD10672,SCH1075,Central,Male,18,2024-09-15 06:00:21.305069,3.9,2.7,7.5,6.7,5.4,1,2.5,1
STD10673,SCH1435,Central,Male,17,2024-03-11 06:00:21.305069,9.3,4.4,4.8,6.7,6.7,1,6.2,0
STD10674,SCH1103,North Eastern,Male,14,2024-07-18 06:00:21.305069,6.1,9.5,4.4,5.4,8.0,1,6.0,0
STD10675,SCH1422,Coast,Male,15,2025-04-01 06:00:21.305069,5.0,5.4,7.7,6.0,5.6,1,4.1,1
STD10676,SCH1306,Nyanza,Male,19,2025-08-16 06:00:21.305069,4.5,5.2,3.8,1.8,5.3,0,2.5,1
STD10677,SCH1098,Rift Valley,Male,18,2025-01-12 06:00:21.305069,5.0,5.4,6.5,6.5,5.2,1,3.8,1
STD10678,SCH1335,Western,Female,13,2024-02-11 06:00:21.305069,7.9,5.4,5.1,8.3,4.2,0,7.4,0
STD10679,SCH1435,Western,Other,14,2024-09-16 06:00:21.305069,8.1,7.0,7.3,4.5,8.0,1,5.8,0
STD10680,SCH1447,Central,Male,17,2024-08-22 06:00:21.305069,7.5,6.9,9.1,6.3,5.3,0,5.1,0
STD10681,SCH1308,Eastern,Male,18,2025-06-05 06:00:21.305069,6.7,5.3,4.7,10.0,5.1,1,5.7,0
STD10682,SCH1249,Central,Female,19,2024-06-30 06:00:21.305069,4.6,5.6,4.4,7.0,7.4,0,5.5,0
STD10683,SCH1166,Rift Valley,Male,17,2024-08-20 06:00:21.305069,5.4,8.4,6.8,9.0,6.5,1,7.2,0
STD10684,SCH1481,Nyanza,Male,13,2024-09-04 06:00:21.305069,4.8,3.3,3.3,5.5,5.6,1,3.7,1
STD10685,SCH1335,Nyanza,Female,13,2023-10-18 06:00:21.305069,7.4,5.9,8.7,7.7,7.9,1,2.7,1
STD10686,SCH1542,Eastern,Male,19,2025-01-03 06:00:21.305069,4.9,6.2,8.4,5.2,5.5,1,4.2,1
STD10687,SCH1106,Western,Female,14,2024-04-12 06:00:21.305069,5.4,4.6,3.5,7.6,2.8,1,6.8,0
STD10688,SCH1563,Central,Female,19,2024-02-28 06:00:21.305069,6.2,5.8,2.3,8.3,8.8,1,6.4,0
STD10689,SCH1081,North Eastern,Male,16,2025-06-25 06:00:21.305069,4.0,4.4,3.2,7.9,5.1,0,6.6,0
STD10690,SCH1133,Nyanza,Male,13,2024-03-26 06:00:21.305069,6.6,7.1,3.2,6.5,5.3,1,8.2,0
STD10691,SCH1138,Rift Valley,Female,18,2023-10-17 06:00:21.305069,6.3,3.6,7.1,7.4,5.3,1,3.7,1
STD10692,SCH1184,Coast,Male,16,2023-12-24 06:00:21.305069,8.3,7.9,8.6,7.4,6.6,1,5.9,0
STD10693,SCH1401,Nairobi,Male,15,2025-07-02 06:00:21.305069,5.3,5.9,7.1,8.0,6.0,0,4.0,1
STD10694,SCH1330,Nairobi,Female,17,2024-01-20 06:00:21.305069,4.6,5.2,5.0,6.8,8.2,1,2.9,1
STD10695,SCH1508,Nairobi,Female,16,2024-08-29 06:00:21.305069,5.9,4.2,6.2,8.4,9.3,1,2.7,1
STD10696,SCH1069,North Eastern,Male,17,2025-04-30 06:00:21.305069,4.9,7.9,3.8,9.2,5.3,1,7.5,0
STD10697,SCH1546,Western,Female,19,2025-03-25 06:00:21.305069,6.6,4.8,7.7,6.5,4.9,1,4.6,1
STD10698,SCH1053,Central,Male,16,2024-10-27 06:00:21.305069,3.7,3.9,6.4,7.1,5.6,0,4.3,1
STD10699,SCH1450,Eastern,Female,19,2024-03-11 06:00:21.305069,5.6,7.9,7.0,5.6,7.2,1,7.4,0
STD10700,SCH1205,North Eastern,Female,15,2024-09-08 06:00:21.305069,5.1,4.4,4.0,7.5,6.3,1,5.2,0
STD10701,SCH1126,North Eastern,Female,13,2024-12-09 06:00:21.305069,7.4,5.8,5.2,7.5,5.6,1,5.0,0
STD10702,SCH1043,Nyanza,Female,15,2024-07-22 06:00:21.305069,5.3,7.5,7.0,7.1,4.3,0,6.6,0
STD10703,SCH1111,Coast,Other,13,2024-07-22 06:00:21.305069,3.9,6.3,8.4,7.2,2.7,0,3.6,1
STD10704,SCH1183,North Eastern,Male,19,2024-03-08 06:00:21.305069,6.2,9.1,4.3,9.9,4.8,1,9.6,0
STD10705,SCH1095,Rift Valley,Female,13,2024-01-25 06:00:21.305069,7.0,4.5,7.1,2.7,8.6,0,1.0,1
STD10706,SCH1374,Coast,Male,17,2025-02-07 06:00:21.305069,6.1,5.6,4.1,6.3,7.2,1,4.5,1
STD10707,SCH1520,Rift Valley,Male,18,2024-09-12 06:00:21.305069,5.6,5.8,9.7,6.5,6.2,1,4.1,1
STD10708,SCH1360,Western,Male,15,2025-06-24 06:00:21.305069,5.5,7.1,4.7,9.2,7.7,1,7.1,0
STD10709,SCH1281,Central,Female,16,2025-03-14 06:00:21.305069,6.7,8.3,6.8,7.7,4.3,0,5.7,0
STD10710,SCH1195,Nairobi,Other,15,2025-02-01 06:00:21.305069,5.2,6.1,5.8,7.7,6.6,1,4.0,1
STD10711,SCH1195,North Eastern,Male,17,2023-10-26 06:00:21.305069,6.0,5.8,10.0,8.9,3.5,1,4.7,1
STD10712,SCH1093,Central,Male,13,2024-09-25 06:00:21.305069,7.6,3.3,6.0,6.7,7.1,1,6.1,0
STD10713,SCH1061,Western,Female,17,2025-04-16 06:00:21.305069,4.5,6.2,4.5,8.0,6.9,1,3.5,1
STD10714,SCH1634,Eastern,Male,14,2025-06-22 06:00:21.305069,6.4,4.8,6.8,6.2,7.0,1,3.7,1
STD10715,SCH1051,Eastern,Male,14,2025-03-30 06:00:21.305069,3.8,7.1,6.7,5.4,8.5,1,4.0,1
STD10716,SCH1403,Western,Female,16,2025-01-15 06:00:21.305069,6.8,5.3,5.2,9.7,7.8,1,4.5,1
STD10717,SCH1005,Rift Valley,Female,17,2023-12-15 06:00:21.305069,5.0,5.6,3.3,7.6,4.4,1,5.0,0
STD10718,SCH1466,Nyanza,Other,19,2025-07-07 06:00:21.305069,8.0,3.4,4.4,8.0,8.5,1,4.4,1
STD10719,SCH1604,Nyanza,Male,16,2025-07-05 06:00:21.305069,4.3,2.7,7.3,5.4,6.1,1,2.6,1
STD10720,SCH1534,Rift Valley,Male,19,2024-03-21 06:00:21.305069,7.2,9.3,2.0,7.8,3.2,1,8.6,0
STD10721,SCH1405,Eastern,Female,16,2023-10-12 06:00:21.305069,8.3,6.2,5.0,9.7,6.3,0,8.2,0
STD10722,SCH1513,Eastern,Female,14,2024-08-17 06:00:21.305069,5.0,6.7,7.5,6.6,7.6,1,4.7,1
STD10723,SCH1233,North Eastern,Female,16,2025-07-16 06:00:21.305069,5.2,4.4,5.3,5.1,4.8,1,4.5,1
STD10724,SCH1524,Eastern,Female,14,2025-01-02 06:00:21.305069,5.1,7.6,9.8,7.3,8.8,0,4.7,1
STD10725,SCH1346,Central,Male,13,2024-11-14 06:00:21.305069,5.8,7.3,2.0,5.4,4.9,1,7.0,0
STD10726,SCH1046,Eastern,Female,19,2023-11-29 06:00:21.305069,7.3,4.6,3.6,4.7,5.7,0,4.7,1
STD10727,SCH1546,Coast,Male,17,2023-11-02 06:00:21.305069,5.6,4.1,1.0,5.9,5.4,1,5.3,0
STD10728,SCH1078,North Eastern,Male,16,2024-04-03 06:00:21.305069,4.8,4.7,9.5,6.3,3.6,1,2.1,1
STD10729,SCH1073,Nairobi,Female,14,2024-05-01 06:00:21.305069,3.5,5.9,3.6,5.5,4.8,1,7.0,0
STD10730,SCH1249,Eastern,Male,15,2024-05-07 06:00:21.305069,8.9,6.3,1.5,9.0,5.3,1,9.0,0
STD10731,SCH1047,Rift Valley,Male,19,2024-07-13 06:00:21.305069,9.0,6.1,4.3,9.8,6.3,1,4.4,1
STD10732,SCH1121,Nairobi,Female,16,2024-02-15 06:00:21.305069,7.3,8.3,2.7,7.9,1.4,1,10.0,0
STD10733,SCH1214,Central,Male,18,2025-02-17 06:00:21.305069,5.3,4.7,4.3,7.6,7.7,1,3.0,1
STD10734,SCH1239,Rift Valley,Female,13,2025-07-05 06:00:21.305069,7.6,4.0,5.6,6.8,7.7,1,5.0,0
STD10735,SCH1056,Nairobi,Male,13,2023-09-13 06:00:21.305069,7.9,6.0,7.1,5.7,8.5,1,2.1,1
STD10736,SCH1350,Rift Valley,Female,15,2024-05-19 06:00:21.305069,6.1,3.0,5.2,9.4,4.0,1,4.5,1
STD10737,SCH1107,Central,Male,14,2025-05-30 06:00:21.305069,6.6,7.3,5.6,6.9,6.0,0,7.2,0
STD10738,SCH1048,North Eastern,Male,16,2024-06-11 06:00:21.305069,8.3,6.2,4.3,6.3,8.1,1,7.2,0
STD10739,SCH1573,Coast,Other,19,2023-11-16 06:00:21.305069,4.0,5.4,2.5,8.5,8.2,0,5.4,0
STD10740,SCH1337,Central,Female,14,2024-12-09 06:00:21.305069,8.0,5.3,1.8,6.9,9.0,1,6.8,0
STD10741,SCH1026,Central,Female,13,2025-03-12 06:00:21.305069,6.0,7.6,4.8,8.5,6.7,1,4.8,1
STD10742,SCH1257,Rift Valley,Male,14,2024-11-17 06:00:21.305069,4.8,7.6,5.7,6.4,6.4,1,5.7,0
STD10743,SCH1008,North Eastern,Female,13,2024-11-10 06:00:21.305069,5.0,5.6,4.6,8.5,3.9,1,6.6,0
STD10744,SCH1625,Western,Female,14,2024-08-16 06:00:21.305069,5.2,7.1,1.9,8.5,8.3,1,9.0,0
STD10745,SCH1253,Nyanza,Female,15,2025-06-22 06:00:21.305069,4.7,7.6,5.9,9.0,5.7,1,5.1,0
STD10746,SCH1303,Eastern,Female,17,2024-08-02 06:00:21.305069,9.2,6.6,8.8,5.9,6.6,1,5.0,0
STD10747,SCH1639,Eastern,Male,15,2025-06-02 06:00:21.305069,7.2,5.6,5.3,6.9,6.4,1,5.4,0
STD10748,SCH1056,Coast,Male,15,2024-09-20 06:00:21.305069,8.1,6.7,4.3,9.9,2.4,0,8.6,0
STD10749,SCH1526,Coast,Female,17,2024-04-26 06:00:21.305069,7.3,4.1,5.4,6.6,5.1,0,5.9,0
STD10750,SCH1474,Eastern,Male,17,2024-11-18 06:00:21.305069,6.6,6.1,3.3,8.2,7.3,1,7.2,0
STD10751,SCH1028,Nyanza,Male,16,2025-07-16 06:00:21.305069,6.6,5.6,3.2,10.0,6.4,1,7.5,0
STD10752,SCH1078,Eastern,Female,19,2024-12-28 06:00:21.305069,5.9,5.3,6.4,4.2,7.3,0,2.1,1
STD10753,SCH1216,Western,Female,19,2025-01-06 06:00:21.305069,6.0,2.9,7.5,6.6,7.8,1,1.0,1
STD10754,SCH1386,Nyanza,Female,16,2024-06-16 06:00:21.305069,4.4,4.2,5.2,7.0,5.1,0,3.6,1
STD10755,SCH1365,Coast,Female,15,2024-12-30 06:00:21.305069,8.1,5.1,1.6,4.3,5.6,0,6.2,0
STD10756,SCH1526,Nairobi,Female,15,2025-04-06 06:00:21.305069,3.8,7.6,6.2,6.3,6.3,1,4.1,1
STD10757,SCH1312,Rift Valley,Male,13,2024-01-30 06:00:21.305069,4.9,6.5,9.6,5.5,7.8,1,2.5,1
STD10758,SCH1007,Western,Male,13,2024-10-05 06:00:21.305069,9.5,7.7,5.0,8.3,6.1,1,7.0,0
STD10759,SCH1003,Western,Male,19,2024-11-21 06:00:21.305069,6.7,8.2,5.1,4.4,3.5,1,7.0,0
STD10760,SCH1623,North Eastern,Male,16,2023-12-09 06:00:21.305069,6.8,6.6,3.8,9.8,6.2,1,5.7,0
STD10761,SCH1363,Coast,Female,18,2024-10-23 06:00:21.305069,7.5,6.3,6.5,8.0,7.7,1,5.2,0
STD10762,SCH1508,Coast,Male,18,2024-08-07 06:00:21.305069,4.2,4.2,4.2,5.4,8.8,0,3.3,1
STD10763,SCH1274,Central,Male,16,2025-07-12 06:00:21.305069,4.4,9.6,7.5,8.5,7.0,1,6.2,0
STD10764,SCH1506,Western,Male,13,2024-03-11 06:00:21.305069,5.8,3.4,4.2,7.9,4.0,0,6.3,0
STD10765,SCH1015,Central,Male,19,2024-04-08 06:00:21.305069,5.1,6.2,6.2,6.9,5.8,1,6.6,0
STD10766,SCH1192,Central,Male,19,2024-11-01 06:00:21.305069,6.4,7.5,5.4,5.9,7.3,0,4.6,1
STD10767,SCH1631,Rift Valley,Male,13,2024-08-06 06:00:21.305069,7.2,7.5,8.6,7.8,8.0,1,2.8,1
STD10768,SCH1485,Central,Male,18,2025-01-13 06:00:21.305069,8.6,3.9,6.3,7.2,7.4,0,4.3,1
STD10769,SCH1028,Nyanza,Male,14,2024-03-12 06:00:21.305069,7.7,5.2,8.3,6.0,6.1,1,2.6,1
STD10770,SCH1039,Eastern,Male,14,2025-07-26 06:00:21.305069,5.0,4.6,5.7,5.0,8.0,1,6.2,0
STD10771,SCH1273,Nairobi,Female,13,2023-12-20 06:00:21.305069,5.9,2.4,5.2,5.7,5.4,1,2.7,1
STD10772,SCH1231,Coast,Male,14,2024-01-02 06:00:21.305069,5.5,6.2,5.4,6.2,6.8,0,5.4,0
STD10773,SCH1086,Nyanza,Male,17,2024-07-21 06:00:21.305069,5.0,4.7,4.0,8.7,7.8,0,5.7,0
STD10774,SCH1474,Nairobi,Female,16,2025-02-04 06:00:21.305069,4.6,8.7,6.6,8.3,7.5,0,5.8,0
STD10775,SCH1126,Western,Male,16,2023-10-24 06:00:21.305069,9.0,7.1,4.1,6.3,7.5,1,8.7,0
STD10776,SCH1537,Western,Female,13,2025-03-12 06:00:21.305069,6.5,6.1,5.7,6.4,7.5,1,4.6,1
STD10777,SCH1145,Western,Female,15,2025-02-08 06:00:21.305069,6.2,5.1,7.2,8.5,4.7,0,4.0,1
STD10778,SCH1525,Nyanza,Male,18,2024-09-03 06:00:21.305069,7.2,6.2,8.7,7.4,6.5,0,3.7,1
STD10779,SCH1212,Nyanza,Female,13,2023-09-05 06:00:21.305069,7.3,5.5,5.8,7.4,5.0,1,6.4,0
STD10780,SCH1025,Coast,Male,14,2025-06-30 06:00:21.305069,8.2,6.1,7.2,5.9,6.0,0,4.9,1
STD10781,SCH1580,Eastern,Female,18,2024-11-09 06:00:21.305069,5.4,9.4,7.0,6.8,4.5,0,5.3,0
STD10782,SCH1394,North Eastern,Male,15,2023-10-30 06:00:21.305069,7.1,4.1,4.7,7.0,7.1,0,5.2,0
STD10783,SCH1067,Central,Female,14,2025-03-12 06:00:21.305069,5.1,5.7,9.7,6.9,3.2,0,4.7,1
STD10784,SCH1233,Western,Male,19,2025-06-12 06:00:21.305069,6.2,7.3,4.3,8.1,7.5,0,6.3,0
STD10785,SCH1109,Rift Valley,Female,17,2024-05-19 06:00:21.305069,6.6,5.3,5.7,8.1,6.5,0,6.0,0
STD10786,SCH1146,Eastern,Female,14,2023-10-04 06:00:21.305069,6.7,8.8,8.4,5.6,9.7,1,4.7,1
STD10787,SCH1111,Rift Valley,Male,17,2024-03-15 06:00:21.305069,6.7,7.2,8.4,6.2,6.2,1,4.2,1
STD10788,SCH1228,Coast,Male,18,2025-05-29 06:00:21.305069,7.7,4.7,5.5,6.0,6.2,1,5.7,0
STD10789,SCH1111,Coast,Female,17,2025-04-30 06:00:21.305069,5.6,6.4,7.5,9.1,7.7,1,3.7,1
STD10790,SCH1470,Coast,Female,18,2025-07-12 06:00:21.305069,6.8,4.7,5.1,10.0,6.3,0,4.4,1
STD10791,SCH1034,Nairobi,Male,18,2025-02-07 06:00:21.305069,5.4,4.6,4.5,6.3,7.0,1,5.5,0
STD10792,SCH1623,Rift Valley,Female,18,2025-07-26 06:00:21.305069,10.0,5.7,3.1,6.7,8.2,1,6.2,0
STD10793,SCH1369,Eastern,Other,18,2024-02-24 06:00:21.305069,5.1,8.3,6.9,8.3,6.0,1,7.4,0
STD10794,SCH1595,North Eastern,Female,18,2024-06-27 06:00:21.305069,5.4,7.3,7.2,5.9,8.5,0,5.2,0
STD10795,SCH1554,Eastern,Male,14,2025-03-02 06:00:21.305069,7.8,6.0,4.4,8.3,3.6,1,6.4,0
STD10796,SCH1425,Nyanza,Female,18,2025-06-08 06:00:21.305069,5.9,7.4,6.0,7.0,9.2,0,5.4,0
STD10797,SCH1613,Nyanza,Male,14,2025-03-01 06:00:21.305069,7.8,6.5,10.0,4.4,3.5,1,7.2,0
STD10798,SCH1518,Western,Other,18,2023-12-08 06:00:21.305069,6.7,3.9,7.8,5.0,8.8,1,3.6,1
STD10799,SCH1282,North Eastern,Female,17,2024-02-03 06:00:21.305069,5.9,5.7,3.7,6.5,3.3,1,6.6,0
STD10800,SCH1320,Nyanza,Male,19,2024-11-27 06:00:21.305069,5.4,5.9,7.5,8.8,9.9,1,3.2,1
STD10801,SCH1443,Coast,Female,18,2025-06-25 06:00:21.305069,5.3,7.4,3.7,5.7,6.8,1,7.6,0
STD10802,SCH1315,Eastern,Male,15,2023-08-31 06:00:21.305069,5.9,5.0,1.0,6.2,4.9,1,7.6,0
STD10803,SCH1377,Rift Valley,Other,18,2025-08-01 06:00:21.305069,6.2,4.4,5.5,7.3,9.7,0,3.2,1
STD10804,SCH1289,Coast,Other,18,2024-05-31 06:00:21.305069,5.3,5.9,8.6,4.5,4.6,1,5.6,0
STD10805,SCH1437,Nairobi,Female,17,2024-02-22 06:00:21.305069,6.3,4.8,8.3,7.4,6.1,0,4.1,1
STD10806,SCH1277,Nyanza,Male,16,2024-01-19 06:00:21.305069,4.9,5.4,6.3,4.7,10.0,1,2.1,1
STD10807,SCH1582,Coast,Female,17,2025-03-06 06:00:21.305069,7.6,5.9,4.4,7.9,7.2,0,5.2,0
STD10808,SCH1503,Coast,Male,15,2025-07-11 06:00:21.305069,7.9,5.3,6.5,5.8,3.1,1,6.4,0
STD10809,SCH1624,Nairobi,Male,16,2025-08-08 06:00:21.305069,5.4,7.7,5.0,5.6,6.0,1,4.7,1
STD10810,SCH1516,Central,Female,13,2024-11-30 06:00:21.305069,5.4,8.5,4.5,7.4,5.9,1,5.3,0
STD10811,SCH1350,Eastern,Male,13,2023-10-31 06:00:21.305069,6.8,7.6,7.6,8.2,6.8,1,5.0,0
STD10812,SCH1446,Rift Valley,Male,15,2024-05-20 06:00:21.305069,8.4,2.8,4.4,7.6,6.4,0,4.6,1
STD10813,SCH1350,Western,Other,17,2025-05-23 06:00:21.305069,8.7,4.8,7.8,7.3,7.4,1,3.9,1
STD10814,SCH1607,Central,Male,14,2024-07-25 06:00:21.305069,4.4,5.7,4.3,7.3,3.9,0,4.9,1
STD10815,SCH1137,Nyanza,Male,15,2024-10-15 06:00:21.305069,8.0,2.7,9.6,7.6,5.6,1,4.3,1
STD10816,SCH1243,Coast,Female,19,2025-03-10 06:00:21.305069,6.4,4.4,2.2,7.7,7.0,1,5.8,0
STD10817,SCH1543,North Eastern,Male,16,2025-01-09 06:00:21.305069,6.4,5.7,3.6,6.4,5.2,1,5.2,0
STD10818,SCH1040,Nairobi,Female,16,2024-02-15 06:00:21.305069,7.3,5.2,5.2,8.0,8.4,1,4.6,1
STD10819,SCH1229,Nairobi,Other,18,2024-11-17 06:00:21.305069,5.8,6.0,1.5,5.8,5.2,0,6.1,0
STD10820,SCH1548,North Eastern,Female,13,2023-10-20 06:00:21.305069,8.1,3.5,1.0,8.6,6.7,1,6.3,0
STD10821,SCH1223,Eastern,Female,16,2024-05-03 06:00:21.305069,8.6,5.2,1.5,8.2,6.3,1,7.0,0
STD10822,SCH1006,Central,Male,15,2024-02-26 06:00:21.305069,8.7,6.3,4.9,10.0,4.8,1,8.1,0
STD10823,SCH1322,Western,Male,16,2025-06-02 06:00:21.305069,3.7,6.0,5.0,7.8,6.6,0,4.9,1
STD10824,SCH1468,Eastern,Female,15,2025-04-24 06:00:21.305069,6.2,6.8,6.2,8.4,4.3,1,6.2,0
STD10825,SCH1075,North Eastern,Female,14,2024-09-26 06:00:21.305069,3.6,6.7,5.1,4.7,5.7,0,5.9,0
STD10826,SCH1004,Coast,Female,18,2025-08-12 06:00:21.305069,5.4,5.3,6.1,8.4,6.6,1,6.6,0
STD10827,SCH1118,North Eastern,Male,13,2025-08-07 06:00:21.305069,2.9,6.2,4.6,8.8,4.1,0,4.0,1
STD10828,SCH1606,Eastern,Male,16,2023-11-18 06:00:21.305069,7.2,4.6,6.9,9.3,7.6,1,2.9,1
STD10829,SCH1504,Rift Valley,Male,15,2024-10-20 06:00:21.305069,6.8,5.5,6.7,7.2,6.9,0,4.3,1
STD10830,SCH1574,Nairobi,Female,17,2025-06-01 06:00:21.305069,5.9,4.1,4.8,6.5,7.4,1,4.9,1
STD10831,SCH1441,Nairobi,Male,13,2024-10-24 06:00:21.305069,5.3,7.9,6.6,5.4,6.5,0,5.3,0
STD10832,SCH1194,Nyanza,Female,14,2024-09-24 06:00:21.305069,7.0,5.5,5.1,5.5,4.5,1,6.5,0
STD10833,SCH1392,Nyanza,Female,15,2024-10-24 06:00:21.305069,5.0,7.9,2.5,7.0,6.5,1,6.1,0
STD10834,SCH1026,North Eastern,Male,19,2023-12-07 06:00:21.305069,4.9,6.6,7.3,4.4,7.6,1,1.5,1
STD10835,SCH1435,Western,Female,19,2024-08-26 06:00:21.305069,4.7,4.4,3.7,5.8,4.5,0,3.3,1
STD10836,SCH1173,Coast,Male,18,2023-10-15 06:00:21.305069,6.2,6.5,7.3,7.1,4.6,1,5.7,0
STD10837,SCH1300,Rift Valley,Female,18,2023-09-29 06:00:21.305069,5.6,7.5,6.1,7.1,6.1,0,6.6,0
STD10838,SCH1326,Central,Female,14,2024-03-11 06:00:21.305069,5.9,5.9,5.3,5.5,5.9,0,2.8,1
STD10839,SCH1410,Eastern,Female,14,2024-06-08 06:00:21.305069,7.3,6.1,1.7,5.1,6.5,1,7.8,0
STD10840,SCH1118,Western,Female,18,2023-12-13 06:00:21.305069,7.9,5.0,8.6,5.4,6.0,0,4.5,1
STD10841,SCH1225,Coast,Male,16,2025-01-30 06:00:21.305069,8.7,6.0,4.8,6.7,6.8,0,5.9,0
STD10842,SCH1532,Nyanza,Male,16,2024-03-26 06:00:21.305069,6.6,6.4,6.8,10.0,8.6,1,4.5,1
STD10843,SCH1113,North Eastern,Female,15,2024-01-30 06:00:21.305069,7.0,5.0,5.3,8.6,7.4,1,6.8,0
STD10844,SCH1140,Eastern,Male,17,2025-05-21 06:00:21.305069,6.8,4.1,5.0,7.3,6.6,1,5.6,0
STD10845,SCH1559,Nyanza,Male,15,2024-01-20 06:00:21.305069,4.0,8.3,5.9,7.8,4.6,0,6.3,0
STD10846,SCH1001,North Eastern,Male,17,2024-02-17 06:00:21.305069,5.9,7.1,5.6,8.5,5.3,0,5.3,0
STD10847,SCH1090,Eastern,Female,14,2023-11-15 06:00:21.305069,6.0,5.0,5.0,8.0,7.9,1,6.4,0
STD10848,SCH1320,Central,Male,13,2023-11-19 06:00:21.305069,5.7,6.4,5.4,6.5,5.7,0,5.3,0
STD10849,SCH1550,Coast,Female,15,2023-08-30 06:00:21.305069,6.4,3.3,6.4,5.7,4.9,1,4.2,1
STD10850,SCH1139,Eastern,Other,15,2024-10-28 06:00:21.305069,6.2,2.4,6.5,6.8,10.0,0,2.6,1
STD10851,SCH1511,Rift Valley,Male,17,2025-02-05 06:00:21.305069,5.0,8.0,5.6,8.5,9.1,1,4.5,1
STD10852,SCH1259,Western,Male,14,2025-03-26 06:00:21.305069,6.3,6.4,6.7,6.6,6.3,1,5.2,0
STD10853,SCH1010,Nairobi,Male,14,2024-01-14 06:00:21.305069,5.5,5.9,4.7,5.3,4.7,1,5.9,0
STD10854,SCH1261,Rift Valley,Female,19,2025-06-07 06:00:21.305069,2.6,6.4,9.9,4.4,7.7,0,1.5,1
STD10855,SCH1172,Rift Valley,Male,17,2023-08-25 06:00:21.305069,4.4,10.0,8.5,6.8,5.7,1,5.7,0
STD10856,SCH1013,Western,Male,14,2023-09-15 06:00:21.305069,6.6,7.6,7.0,5.5,8.0,0,4.8,1
STD10857,SCH1168,Nairobi,Male,18,2024-06-08 06:00:21.305069,8.1,4.1,1.6,6.3,5.7,1,7.2,0
STD10858,SCH1596,Rift Valley,Female,16,2025-08-07 06:00:21.305069,2.9,3.0,6.7,9.2,9.3,1,2.0,1
STD10859,SCH1321,Eastern,Male,19,2025-05-18 06:00:21.305069,5.2,7.9,4.8,6.9,5.6,0,6.2,0
STD10860,SCH1319,Eastern,Female,18,2024-07-22 06:00:21.305069,7.1,7.5,3.5,5.9,10.0,1,6.2,0
STD10861,SCH1613,Eastern,Female,13,2025-05-06 06:00:21.305069,7.8,7.0,4.8,7.5,6.8,1,6.0,0
STD10862,SCH1329,Nairobi,Male,15,2024-10-29 06:00:21.305069,5.9,4.5,3.8,9.9,8.9,1,4.2,1
STD10863,SCH1550,Rift Valley,Female,19,2024-01-08 06:00:21.305069,5.5,6.7,6.5,6.8,5.6,1,4.3,1
STD10864,SCH1419,North Eastern,Male,13,2025-01-17 06:00:21.305069,8.3,4.7,8.7,3.5,4.3,1,4.4,1
STD10865,SCH1606,Nairobi,Female,15,2023-10-01 06:00:21.305069,7.7,7.2,7.2,8.0,2.6,1,6.3,0
STD10866,SCH1095,Eastern,Female,16,2024-04-12 06:00:21.305069,7.8,7.8,10.0,7.5,8.7,1,4.3,1
STD10867,SCH1581,Western,Female,14,2024-01-19 06:00:21.305069,5.8,5.0,2.4,7.1,6.6,1,6.2,0
STD10868,SCH1318,Rift Valley,Male,18,2024-02-14 06:00:21.305069,8.2,8.0,4.5,6.7,4.4,0,8.4,0
STD10869,SCH1236,Rift Valley,Male,17,2024-03-19 06:00:21.305069,3.6,6.2,3.6,5.8,8.7,1,5.5,0
STD10870,SCH1334,Nyanza,Male,18,2023-11-13 06:00:21.305069,8.2,6.9,8.0,9.3,8.5,1,4.8,1
STD10871,SCH1376,Nyanza,Male,16,2024-04-29 06:00:21.305069,6.4,3.6,5.1,4.2,8.9,1,4.2,1
STD10872,SCH1459,Central,Male,13,2025-01-09 06:00:21.305069,6.7,6.4,5.9,6.5,4.2,1,7.9,0
STD10873,SCH1137,North Eastern,Male,17,2023-10-29 06:00:21.305069,5.1,4.8,6.8,6.5,8.6,1,3.4,1
STD10874,SCH1588,North Eastern,Male,14,2024-02-12 06:00:21.305069,3.8,6.9,2.6,8.3,7.2,1,5.7,0
STD10875,SCH1547,Coast,Male,16,2024-03-16 06:00:21.305069,6.7,8.6,4.3,8.9,8.9,1,6.3,0
STD10876,SCH1513,North Eastern,Female,17,2024-04-07 06:00:21.305069,7.3,6.5,7.5,6.7,7.4,0,3.7,1
STD10877,SCH1296,Nyanza,Male,16,2024-11-24 06:00:21.305069,7.6,4.4,4.4,7.3,6.8,1,6.1,0
STD10878,SCH1320,Nairobi,Male,16,2024-03-27 06:00:21.305069,7.4,7.1,2.1,7.4,8.6,0,6.6,0
STD10879,SCH1572,North Eastern,Male,14,2025-05-09 06:00:21.305069,7.1,6.7,3.7,8.6,7.9,0,6.1,0
STD10880,SCH1349,Nyanza,Male,19,2024-05-07 06:00:21.305069,5.1,9.7,4.9,8.5,8.3,1,7.2,0
STD10881,SCH1229,Central,Other,15,2024-03-11 06:00:21.305069,7.7,6.5,5.8,6.2,5.7,1,6.5,0
STD10882,SCH1270,Rift Valley,Male,17,2025-04-15 06:00:21.305069,4.9,4.9,5.4,7.7,6.2,1,3.9,1
STD10883,SCH1291,North Eastern,Female,14,2024-08-17 06:00:21.305069,8.2,7.4,4.3,7.6,3.6,1,6.8,0
STD10884,SCH1165,Central,Other,16,2024-05-19 06:00:21.305069,6.4,5.8,7.4,6.8,5.5,1,4.0,1
STD10885,SCH1005,Rift Valley,Female,14,2024-08-31 06:00:21.305069,6.4,6.1,5.2,7.6,7.8,1,7.4,0
STD10886,SCH1379,Western,Female,19,2024-06-21 06:00:21.305069,7.8,4.3,5.9,7.0,7.5,1,6.1,0
STD10887,SCH1078,Western,Female,15,2025-05-09 06:00:21.305069,8.0,5.8,4.4,7.2,4.8,0,7.1,0
STD10888,SCH1410,Rift Valley,Other,18,2024-05-11 06:00:21.305069,7.7,6.1,8.5,5.0,8.7,0,3.4,1
STD10889,SCH1574,North Eastern,Female,17,2023-10-20 06:00:21.305069,5.3,5.8,4.7,5.6,10.0,1,3.7,1
STD10890,SCH1132,Coast,Female,15,2024-08-01 06:00:21.305069,7.6,4.9,5.6,8.2,5.0,1,6.0,0
STD10891,SCH1601,Nyanza,Female,13,2024-12-23 06:00:21.305069,5.3,6.5,7.6,5.2,6.2,1,6.4,0
STD10892,SCH1042,Nairobi,Female,17,2025-01-21 06:00:21.305069,7.7,4.3,6.1,7.7,5.4,1,5.4,0
STD10893,SCH1089,Nairobi,Female,15,2023-11-23 06:00:21.305069,4.4,3.9,6.0,6.9,6.3,1,4.0,1
STD10894,SCH1402,Eastern,Male,16,2023-10-27 06:00:21.305069,6.4,7.3,1.6,8.5,7.0,0,4.5,1
STD10895,SCH1296,Rift Valley,Male,17,2024-08-15 06:00:21.305069,5.3,7.1,6.9,8.0,5.3,0,5.6,0
STD10896,SCH1295,Nairobi,Male,17,2025-03-09 06:00:21.305069,7.8,3.6,5.6,6.3,6.0,1,3.1,1
STD10897,SCH1616,North Eastern,Male,14,2024-05-19 06:00:21.305069,8.2,2.7,6.6,6.7,6.6,1,3.4,1
STD10898,SCH1526,Coast,Male,16,2023-10-06 06:00:21.305069,6.8,4.2,5.9,4.0,7.3,0,3.7,1
STD10899,SCH1637,Rift Valley,Male,13,2024-08-09 06:00:21.305069,6.7,5.8,4.4,6.8,9.0,1,4.7,1
STD10900,SCH1422,Coast,Female,18,2025-08-14 06:00:21.305069,7.6,8.1,7.3,5.1,6.5,1,4.8,1
STD10901,SCH1023,North Eastern,Male,19,2025-03-03 06:00:21.305069,8.2,5.7,5.9,6.7,5.5,1,5.0,0
STD10902,SCH1575,Nairobi,Female,15,2024-12-14 06:00:21.305069,6.6,4.6,2.9,6.0,7.7,0,4.8,1
STD10903,SCH1143,Nairobi,Male,14,2023-11-09 06:00:21.305069,5.8,6.3,8.1,5.7,7.2,1,3.6,1
STD10904,SCH1145,Eastern,Male,15,2025-05-16 06:00:21.305069,7.5,5.8,2.6,8.8,6.2,0,6.8,0
STD10905,SCH1225,Nairobi,Female,13,2025-03-23 06:00:21.305069,3.7,3.5,7.3,5.1,7.3,1,2.1,1
STD10906,SCH1503,Rift Valley,Female,13,2024-06-08 06:00:21.305069,7.9,3.5,8.5,5.6,5.8,1,4.8,1
STD10907,SCH1616,North Eastern,Male,17,2024-04-09 06:00:21.305069,5.4,3.6,3.3,6.0,5.6,1,2.4,1
STD10908,SCH1104,Western,Female,19,2023-10-12 06:00:21.305069,6.1,10.0,5.3,6.3,3.3,1,7.6,0
STD10909,SCH1039,North Eastern,Female,13,2024-08-11 06:00:21.305069,7.9,7.5,5.1,5.7,5.9,0,6.3,0
STD10910,SCH1198,Rift Valley,Male,15,2023-12-05 06:00:21.305069,5.9,4.9,5.2,6.5,3.5,0,5.0,0
STD10911,SCH1579,Rift Valley,Male,16,2024-02-25 06:00:21.305069,7.5,8.0,9.2,7.5,5.4,1,4.8,1
STD10912,SCH1391,Eastern,Other,16,2023-11-18 06:00:21.305069,8.2,5.0,3.3,8.0,7.5,0,5.8,0
STD10913,SCH1179,Eastern,Female,17,2025-03-07 06:00:21.305069,6.7,7.9,4.9,7.9,3.9,0,5.3,0
STD10914,SCH1554,Nairobi,Female,18,2023-10-16 06:00:21.305069,7.0,6.1,8.5,4.1,6.2,1,4.1,1
STD10915,SCH1448,Central,Female,15,2025-05-28 06:00:21.305069,6.3,4.8,4.9,7.6,6.6,1,5.4,0
STD10916,SCH1500,North Eastern,Male,15,2023-09-25 06:00:21.305069,6.7,7.2,3.6,7.7,6.1,1,5.8,0
STD10917,SCH1015,North Eastern,Male,13,2025-02-07 06:00:21.305069,4.8,6.2,6.0,6.0,5.7,0,6.6,0
STD10918,SCH1623,Central,Male,19,2023-10-05 06:00:21.305069,6.1,6.7,7.1,9.5,7.1,1,5.1,0
STD10919,SCH1289,Eastern,Female,15,2024-10-10 06:00:21.305069,4.6,6.4,4.7,8.6,7.3,1,5.2,0
STD10920,SCH1478,Nairobi,Female,14,2025-05-15 06:00:21.305069,5.2,6.4,6.6,6.7,6.5,1,5.9,0
STD10921,SCH1231,Central,Female,18,2023-08-30 06:00:21.305069,3.5,7.4,2.7,6.1,5.8,0,7.9,0
STD10922,SCH1420,Nairobi,Male,13,2023-09-22 06:00:21.305069,6.9,10.0,2.9,9.5,8.0,1,6.9,0
STD10923,SCH1157,Nairobi,Male,14,2023-11-26 06:00:21.305069,9.0,8.2,4.6,7.0,4.3,1,7.1,0
STD10924,SCH1550,Nairobi,Female,17,2023-11-11 06:00:21.305069,5.8,6.4,6.7,7.1,7.7,1,4.5,1
STD10925,SCH1441,Nyanza,Female,16,2025-01-14 06:00:21.305069,7.9,5.4,7.0,7.1,7.2,1,4.0,1
STD10926,SCH1097,Rift Valley,Female,17,2024-03-27 06:00:21.305069,8.2,5.6,3.1,10.0,6.8,0,7.8,0
STD10927,SCH1411,Nairobi,Male,16,2024-07-20 06:00:21.305069,4.7,3.7,6.9,6.7,6.5,0,2.3,1
STD10928,SCH1289,Nyanza,Female,17,2024-01-30 06:00:21.305069,5.0,7.2,5.8,7.0,3.3,1,7.1,0
STD10929,SCH1254,Eastern,Male,15,2024-09-03 06:00:21.305069,8.0,4.2,3.7,5.8,8.9,1,5.4,0
STD10930,SCH1196,Central,Female,14,2024-08-27 06:00:21.305069,6.4,5.3,2.8,6.4,7.9,1,6.5,0
STD10931,SCH1598,Rift Valley,Male,16,2024-11-30 06:00:21.305069,4.6,7.2,6.0,5.5,4.9,1,4.1,1
STD10932,SCH1522,Western,Female,13,2025-05-20 06:00:21.305069,5.5,5.6,8.1,5.8,7.8,1,3.0,1
STD10933,SCH1517,Central,Male,14,2023-09-17 06:00:21.305069,7.1,5.1,5.6,4.3,6.8,1,5.3,0
STD10934,SCH1635,Rift Valley,Female,13,2024-08-26 06:00:21.305069,5.3,3.8,3.6,8.3,5.5,0,5.7,0
STD10935,SCH1118,Western,Male,14,2023-08-28 06:00:21.305069,2.3,8.2,1.8,7.2,8.5,1,5.3,0
STD10936,SCH1159,Central,Male,14,2024-06-14 06:00:21.305069,6.0,4.5,8.6,7.4,5.8,0,3.5,1
STD10937,SCH1228,Rift Valley,Male,17,2023-11-21 06:00:21.305069,6.1,4.9,7.6,6.9,8.8,0,3.0,1
STD10938,SCH1216,Central,Male,16,2024-02-23 06:00:21.305069,6.5,2.8,6.1,7.1,7.4,1,3.3,1
STD10939,SCH1015,Central,Male,16,2024-11-12 06:00:21.305069,8.4,6.0,8.5,9.4,8.1,1,4.0,1
STD10940,SCH1157,Western,Female,19,2024-02-25 06:00:21.305069,6.6,5.4,5.9,5.8,7.5,1,3.2,1
STD10941,SCH1261,Central,Male,14,2024-12-15 06:00:21.305069,6.9,6.3,4.4,7.4,7.4,1,6.7,0
STD10942,SCH1157,Central,Female,15,2024-05-09 06:00:21.305069,8.1,3.9,6.6,7.4,6.9,1,4.3,1
STD10943,SCH1047,Western,Female,15,2024-10-14 06:00:21.305069,6.5,7.3,3.8,8.7,5.3,0,8.1,0
STD10944,SCH1324,Eastern,Female,13,2023-12-23 06:00:21.305069,9.7,2.7,3.5,7.7,6.6,1,6.2,0
STD10945,SCH1130,Nairobi,Male,13,2024-04-11 06:00:21.305069,4.6,5.8,7.0,7.7,8.1,1,4.2,1
STD10946,SCH1411,North Eastern,Male,17,2024-08-06 06:00:21.305069,5.1,6.2,7.2,5.1,7.7,1,2.9,1
STD10947,SCH1095,Coast,Female,14,2023-12-07 06:00:21.305069,7.4,6.1,3.0,5.8,7.4,0,4.6,1
STD10948,SCH1627,Nyanza,Other,13,2024-11-05 06:00:21.305069,8.4,6.3,3.0,5.2,2.9,0,6.6,0
STD10949,SCH1292,Coast,Male,13,2024-07-25 06:00:21.305069,6.2,7.4,4.6,3.3,6.1,1,6.9,0
STD10950,SCH1283,Coast,Male,18,2024-01-09 06:00:21.305069,5.0,8.4,4.1,7.6,6.0,1,7.3,0
STD10951,SCH1069,Rift Valley,Male,14,2023-10-21 06:00:21.305069,9.1,5.7,6.5,6.6,4.6,1,5.3,0
STD10952,SCH1011,Nairobi,Other,17,2024-04-20 06:00:21.305069,5.3,4.3,5.6,7.6,8.0,1,3.4,1
STD10953,SCH1254,Rift Valley,Male,13,2024-12-19 06:00:21.305069,7.0,7.0,7.8,7.1,3.1,1,4.8,1
STD10954,SCH1550,Nairobi,Male,17,2024-10-29 06:00:21.305069,8.5,5.5,6.1,7.4,7.9,1,3.6,1
STD10955,SCH1134,Western,Female,16,2023-12-01 06:00:21.305069,5.8,8.3,4.2,9.0,8.8,1,6.4,0
STD10956,SCH1023,Western,Male,17,2024-02-14 06:00:21.305069,5.6,4.9,1.7,7.0,6.1,1,7.5,0
STD10957,SCH1346,North Eastern,Male,15,2024-02-17 06:00:21.305069,5.7,4.5,5.9,8.0,6.4,0,6.2,0
STD10958,SCH1302,Nairobi,Female,15,2024-03-30 06:00:21.305069,7.9,6.3,2.1,6.5,8.1,1,7.0,0
STD10959,SCH1363,Central,Female,17,2023-11-14 06:00:21.305069,8.1,2.9,4.2,8.2,5.2,1,4.7,1
STD10960,SCH1396,Eastern,Male,15,2025-07-05 06:00:21.305069,6.6,5.2,4.1,5.1,7.6,1,3.2,1
STD10961,SCH1218,North Eastern,Male,16,2025-01-28 06:00:21.305069,9.3,5.4,4.5,4.2,4.9,0,7.0,0
STD10962,SCH1141,North Eastern,Male,14,2024-08-22 06:00:21.305069,6.5,6.4,2.9,10.0,4.4,1,7.8,0
STD10963,SCH1616,Central,Male,15,2024-09-19 06:00:21.305069,8.4,4.2,4.0,9.8,7.0,1,5.7,0
STD10964,SCH1210,Eastern,Female,15,2023-12-01 06:00:21.305069,5.9,4.4,7.8,4.1,6.5,1,2.5,1
STD10965,SCH1623,Rift Valley,Male,17,2024-05-14 06:00:21.305069,10.0,8.1,7.8,6.9,3.6,0,7.7,0
STD10966,SCH1616,Eastern,Male,16,2025-01-01 06:00:21.305069,8.9,6.0,8.6,7.2,8.9,1,3.6,1
STD10967,SCH1460,Rift Valley,Male,19,2025-06-26 06:00:21.305069,6.3,7.6,5.5,8.1,5.8,1,6.4,0
STD10968,SCH1356,Western,Female,19,2025-01-23 06:00:21.305069,8.7,5.0,6.0,9.6,7.4,1,4.4,1
STD10969,SCH1324,Coast,Female,19,2023-09-18 06:00:21.305069,8.6,5.9,7.8,5.4,9.2,0,6.5,0
STD10970,SCH1133,Western,Female,19,2024-09-13 06:00:21.305069,8.8,6.4,2.6,5.5,6.9,1,5.9,0
STD10971,SCH1127,Western,Male,14,2023-09-26 06:00:21.305069,2.8,9.1,7.1,7.0,8.7,0,5.1,0
STD10972,SCH1106,Coast,Female,17,2025-06-07 06:00:21.305069,7.6,5.6,8.1,5.6,5.0,0,3.3,1
STD10973,SCH1604,Eastern,Female,17,2024-03-22 06:00:21.305069,7.3,5.7,3.7,2.9,8.9,1,4.4,1
STD10974,SCH1378,North Eastern,Male,18,2023-11-07 06:00:21.305069,7.2,8.0,8.3,6.7,5.1,1,6.5,0
STD10975,SCH1051,Eastern,Male,16,2025-08-06 06:00:21.305069,6.8,5.3,9.6,8.3,5.5,1,5.4,0
STD10976,SCH1029,Rift Valley,Male,19,2024-03-05 06:00:21.305069,6.9,6.5,7.1,7.0,4.0,1,6.4,0
STD10977,SCH1462,Central,Male,14,2024-11-06 06:00:21.305069,8.4,7.8,6.7,7.9,7.0,1,6.2,0
STD10978,SCH1296,Rift Valley,Male,16,2024-10-18 06:00:21.305069,7.3,5.0,3.3,7.7,7.6,1,5.0,0
STD10979,SCH1297,Central,Male,19,2023-09-24 06:00:21.305069,6.8,6.6,7.6,5.5,7.8,0,3.2,1
STD10980,SCH1407,Western,Male,14,2024-03-15 06:00:21.305069,8.2,9.1,3.4,7.1,4.1,1,9.8,0
STD10981,SCH1613,Coast,Female,16,2024-11-03 06:00:21.305069,7.1,7.7,6.2,4.7,7.1,1,5.4,0
STD10982,SCH1405,Western,Male,17,2024-07-09 06:00:21.305069,7.3,6.5,6.4,6.2,7.2,1,5.4,0
STD10983,SCH1346,Nairobi,Female,17,2024-03-31 06:00:21.305069,9.3,5.6,1.0,7.1,7.5,1,8.4,0
STD10984,SCH1622,Eastern,Female,13,2023-10-04 06:00:21.305069,5.8,4.9,6.3,7.0,5.2,1,5.2,0
STD10985,SCH1420,Central,Female,15,2023-09-04 06:00:21.305069,4.2,4.2,10.0,5.1,2.2,1,2.7,1
STD10986,SCH1182,Rift Valley,Female,19,2024-10-29 06:00:21.305069,6.6,8.7,1.3,5.4,7.7,0,7.9,0
STD10987,SCH1001,Coast,Male,18,2025-07-25 06:00:21.305069,6.8,8.4,5.4,7.4,6.3,0,5.8,0
STD10988,SCH1567,Central,Female,16,2024-02-20 06:00:21.305069,7.6,4.8,1.6,8.2,7.0,1,4.8,1
STD10989,SCH1371,Rift Valley,Male,18,2024-07-27 06:00:21.305069,6.7,6.6,3.7,6.7,6.3,1,7.5,0
STD10990,SCH1431,Eastern,Male,13,2024-03-28 06:00:21.305069,7.6,6.2,1.6,6.6,6.9,0,6.1,0
STD10991,SCH1309,Western,Female,15,2024-12-17 06:00:21.305069,10.0,8.1,5.8,8.4,7.8,0,6.8,0
STD10992,SCH1137,Eastern,Male,16,2024-04-02 06:00:21.305069,7.7,6.7,7.1,5.8,3.3,1,5.6,0
STD10993,SCH1202,Nyanza,Male,14,2024-09-10 06:00:21.305069,8.0,6.0,6.3,9.6,8.4,1,4.9,1
STD10994,SCH1436,Nairobi,Female,19,2025-03-28 06:00:21.305069,6.3,5.0,3.6,5.0,6.2,0,6.1,0
STD10995,SCH1313,Nyanza,Female,15,2024-02-21 06:00:21.305069,4.4,6.6,4.3,8.6,9.3,0,5.3,0
STD10996,SCH1117,Coast,Female,17,2024-05-13 06:00:21.305069,3.1,5.4,6.0,7.8,5.7,1,3.7,1
STD10997,SCH1575,Central,Male,13,2025-04-15 06:00:21.305069,5.7,6.4,3.7,10.0,5.3,1,5.2,0
STD10998,SCH1244,Coast,Female,15,2024-06-22 06:00:21.305069,2.6,5.9,2.8,5.3,6.2,0,4.8,1
STD10999,SCH1537,Western,Male,19,2023-12-27 06:00:21.305069,7.3,5.3,5.0,3.5,7.3,0,1.8,1
